position,player_name,lane_agility_time,shuttle_run,three_quarter_sprint,standing_vertical_leap,max_vertical_leap,max_bench_press_repetitions
SF,Michael Ajayi,11.77,3.17,3.21,27.0,34.5,
SF,Melvin Ajinca,11.78,3.0,3.38,26.5,31.0,
SG,Trey Alexander,11.37,2.92,3.21,26.5,32.0,
C,Izan Almansa,10.94,2.96,3.11,28.0,35.0,
PG,Reece Beekman,10.86,3.08,2.94,30.0,36.5,
C,Adem Bona,11.01,3.01,3.15,35.0,40.0,
PF,Trevon Brazile,11.15,3.01,3.09,33.0,41.0,
SF,Jalen Bridges,11.14,3.0,3.16,25.0,32.0,
SF,Matas Buzelis,10.73,2.9,3.09,31.0,38.0,
PG,Carlton Carrington,11.28,2.99,3.16,28.5,36.5,
SG,Devin Carter,10.63,2.9,2.87,35.0,42.0,
SG,Stephon Castle,10.93,2.91,3.19,28.5,37.0,
C,Ulrich Chomche,11.74,2.84,3.1,29.0,35.5,
SG,Cam Christie,11.07,2.95,3.07,32.5,35.5,
SF,Nique Clifford,10.95,3.1,3.08,30.0,37.0,
C,Donovan Clingan,12.06,3.38,3.46,25.5,29.0,
PG,Isaiah Collier,10.77,2.9,3.04,30.0,34.0,
PF,Tristan Da Silva,10.81,2.82,3.09,28.5,35.5,
SF,Pacome Dadiet,11.84,2.94,3.21,29.0,36.0,
C,N'Faly Dante,11.55,3.04,3.23,27.0,33.0,
PG,Robert Dillingham,,,,,,
SF,Nikola Djurisic,10.63,2.92,3.12,27.5,34.5,
PF,Ryan Dunn,10.99,2.88,3.12,32.0,38.5,
C,Zach Edey,11.19,3.01,3.42,26.0,31.5,
SF,Justin Edwards,12.07,3.22,3.18,28.0,32.5,
C,Jesse Edwards,11.24,3.23,3.33,30.5,35.5,
PG-SG,Boogie Ellis,11.98,3.33,3.19,31.5,39.5,
PF,Kyle Filipowski,11.43,2.93,3.19,27.0,32.5,
SF,Trentyn Flowers,11.01,3.0,3.13,34.5,42.0,
PF,Enrique Freeman,10.99,3.04,3.26,30.5,35.0,
SF,Johnny Furphy,11.15,3.17,3.2,25.5,32.0,
SF,Kyshawn George,11.9,2.91,3.32,27.0,32.0,
SF,Tyon Grant-Foster,,,,,,
C,PJ Hall,11.76,3.01,3.35,32.5,39.5,
PF,Coleman Hawkins,12.05,3.21,3.3,24.0,29.5,
SF,Ron Holland II,11.1,2.91,3.1,30.0,38.0,
C,DaRon Holmes II,11.2,3.03,3.25,27.5,34.0,
C,Ariel Hukporti,,,,,,
C,Oso Ighodaro,11.25,3.12,3.09,35.0,39.5,
SF,Harrison Ingram,11.36,2.94,3.17,29.0,35.0,
SG,Bronny James,10.96,3.02,3.09,32.0,40.5,
SG,AJ Johnson,10.76,2.87,3.15,29.0,38.0,
PF,Keshad Johnson,11.38,3.02,3.03,31.5,42.0,
SF,Dillon Jones,11.08,2.82,3.25,26.5,33.5,
SF,David Jones,11.08,3.3,3.2,28.0,34.5,
C,Isaac Jones,11.49,3.0,3.38,29.0,35.0,
PF,Alex Karaban,11.23,,3.2,22.5,32.0,
PF,Bobi Klintman,11.49,3.21,3.23,26.5,32.5,
SF,Dalton Knecht,10.56,2.79,3.07,31.0,39.0,
PG,Tyler Kolek,10.97,3.08,3.27,27.0,34.0,
SG,Pelle Larsson,11.15,2.91,3.06,30.5,38.0,
SG,Jared McCain,10.87,3.07,3.23,25.5,33.0,
SF,Kevin McCullar Jr.,,,,,,
C,Yves Missi,11.45,3.12,3.12,31.0,38.5,
PG,Ajay Mitchell,11.12,2.95,3.11,28.0,33.5,
PF,Jonathan Mogbo,11.14,3.07,3.02,31.5,37.5,
PG,Tristen Newton,10.96,2.84,3.24,25.0,32.5,
PG,Juan Nunez,11.47,3.1,3.41,22.0,29.0,
C,Quinten Post,11.48,3.03,3.4,24.0,27.0,
SG,Antonio Reeves,11.44,3.16,3.14,29.0,36.0,
SF,Zaccharie Risacher,11.51,2.97,3.38,25.0,31.0,
SG,Jaxson Robinson,11.39,3.06,3.17,29.5,34.0,
PF,Tidjane Salaun,11.45,3.05,3.37,27.5,32.0,
SG,Hunter Sallis,10.82,3.16,3.11,29.5,36.0,
SF,Payton Sandfort,11.57,2.84,3.43,22.0,28.0,
C,Alexandre Sarr,11.43,3.23,3.27,30.5,37.0,
SF,Baylor Scheierman,10.89,2.94,3.09,27.5,32.0,
PG,Mark Sears,11.96,3.26,3.33,32.0,39.0,
SF,Terrence Shannon Jr.,,,,,,
PG,Jamal Shead,10.87,2.87,2.94,30.0,37.5,
PG,Reed Sheppard,10.96,3.03,3.08,32.5,42.0,
PG,KJ Simpson,10.49,2.98,3.24,32.5,40.5,
PF,Tyler Smith,10.74,2.99,3.28,32.0,38.0,
SG,Cam Spencer,11.07,3.0,3.35,23.0,30.5,
PF,Nae'Qwan Tomlin,11.63,3.54,3.43,27.5,32.5,
PG,Nikola Topic,,,,,,
PF,JT Toppin,11.12,3.01,3.27,28.5,34.0,
SF,Jaylon Tyson,11.13,3.06,3.12,29.5,36.5,
SG,Ja'Kobe Walter,11.0,2.92,3.04,30.5,38.5,
C,Kel'el Ware,10.97,2.91,3.29,32.5,36.0,
SF,Jamir Watkins,10.64,3.16,3.01,30.5,35.5,
SF,Jaylen Wells,11.28,3.03,3.08,27.5,36.0,
SF,Cody Williams,11.17,2.93,3.06,31.0,35.5,
SG,Trey Alexander,11.6,,3.35,29.5,34.0,
SG,Amari Bailey,11.34,,3.19,28.5,35.0,
SF,Emoni Bates,11.54,,3.49,27.0,32.5,
PG,Reece Beekman,10.99,3.33,3.14,30.5,38.0,
PG,Anthony Black,11.04,,3.35,32.0,39.0,
C,Adem Bona,,,,,,
PF,Kobe Brown,11.39,3.23,3.33,28.5,32.0,
SG,Kobe Bufkin,11.71,,3.26,29.0,36.0,
PF,Toumani Camara,10.7,3.19,3.41,28.5,33.0,
SF,Sidy Cissoko,11.24,,3.31,30.5,35.5,
SG,Jaylen Clark,,,,,,
PF,Noah Clowney,,,,,,
SG-SF,Bilal Coulibaly,,,,,,
SF,Ricky Council IV,11.2,3.21,3.33,30.5,37.0,
SG,Gradey Dick,11.13,2.98,3.5,29.0,34.0,
SF,Nikola Djurisic,,,,,,
C,Zach Edey,11.37,,3.45,26.0,29.5,
PG,Adam Flagler,10.96,,3.24,31.0,36.0,
SG,Keyonte George,,,,,,
C,Mouhamed Gueye,,,,,,
SG,Jordan Hawkins,,,,,,
PF,Coleman Hawkins,12.14,,3.37,26.5,32.5,
PG,Scoot Henderson,,,,,,
PF,Taylor Hendricks,11.27,,3.32,32.5,36.0,
C,DaRon Holmes II,11.48,,3.2,29.5,35.0,
PG,Jalen Hood-Schifino,,,,,,
SF,Jett Howard,,,,,,
PF,GG Jackson,11.39,,3.21,31.0,37.0,
SF,Andre Jackson Jr.,10.83,,3.14,30.5,39.5,
C,Trayce Jackson-Davis,11.8,3.23,3.2,33.0,36.5,
SF,Jaime Jaquez Jr.,11.21,,3.33,34.5,39.0,
SF,Keyontae Johnson,,,,,,
SG,Colby Jones,11.14,3.13,3.33,30.5,35.0,
C,Ryan Kalkbrenner,12.27,,3.39,28.0,30.5,
PF,Arthur Kaluma,11.35,3.26,3.44,32.5,34.5,
SG,Mojave King,11.07,,3.18,33.5,42.0,
PF,Bobi Klintman,,,,,,
SG,Maxwell Lewis,11.4,,3.43,32.5,36.5,
C,Dereck Lively Jr.,,,,,,
SF,Chris Livingston,11.65,,3.27,30.5,37.0,
SF,Seth Lundy,11.02,,3.15,31.5,35.5,
SF,Kevin McCullar,,,,,,
PG,Mike Miles Jr.,11.01,3.24,3.11,33.0,37.0,
SF,Jordan Miller,11.43,3.21,3.17,32.0,36.5,
SF,Brandon Miller,,,,,,
PF,Leonard Miller,11.0,,3.33,32.0,37.5,
PG,Judah Mintz,10.32,3.13,3.24,28.5,37.0,
PF,Dillon Mitchell,10.92,,3.32,29.0,37.0,
SG,Omari Moore,10.8,,3.22,29.0,35.5,
PF,Kris Murray,11.11,,3.3,29.5,35.0,
PF,Grant Nelson,9.99,,3.21,32.0,35.5,
C,James Nnaji,,,,,,
SF,Julian Phillips,11.09,,3.32,36.0,43.0,
PG,Jalen Pickett,11.91,3.41,3.35,28.5,33.0,
SG,Brandin Podziemski,11.16,3.2,3.21,31.5,39.0,
PF,Olivier-Maxence Prosper,10.59,3.0,3.21,35.0,40.5,
SF,Rayan Rupert,11.18,,3.43,27.5,32.5,
C,Adama Sanogo,11.5,,3.31,28.5,31.0,
PG,Marcus Sasser,10.68,,3.43,27.0,35.0,
SF,Brice Sensabaugh,,,,,,
SF,Terrence Shannon Jr.,10.36,,3.06,32.0,37.5,
SG,Ben Sheppard,10.88,2.98,3.17,29.5,35.5,
PF,Jalen Slawson,11.26,,3.29,29.0,33.0,
SG,Terquavion Smith,10.86,,3.21,30.0,37.0,
SG,Nick Smith Jr.,,,,,,
SF,Julian Strawther,10.94,3.46,3.31,27.5,34.5,
SG,Amen Thompson,,,,,,
SG,Ausar Thompson,,,,,,
C,Drew Timme,10.93,,3.34,26.0,30.5,
PF,Nae'Qwan Tomlin,,,,,,
C,Oscar Tshiebwe,12.26,,3.32,29.5,32.5,
PF,Azuolas Tubelis,11.17,,3.5,23.5,30.5,
C,Tristan Vukcevic,11.71,3.16,3.43,26.0,30.5,
PF,Jarace Walker,10.89,,3.2,34.5,38.0,
PG,Cason Wallace,10.82,,3.34,28.0,36.0,
SF,Jordan Walsh,10.83,,3.3,33.0,36.0,
C,Victor Wembanyama,,,,,,
SG,Dariq Whitehead,,,,,,
SF,Cam Whitmore,10.82,3.33,3.2,31.5,40.5,
SF,Jalen Wilson,11.26,3.15,3.2,31.5,35.0,
SG,Isaiah Wong,10.93,,3.22,32.5,37.0,
SG,Ochai Agbaji,10.77,3.11,3.13,32.0,39.0,
SF,Patrick Baldwin Jr.,12.25,3.3,3.45,23.5,26.5,
PF,Paolo Banchero,,,,,,
PF,Dominick Barlow,11.29,3.19,3.33,28.5,34.0,
SG,MarJon Beauchamp,,,,,,
SG,Hugo Besson,11.36,3.25,3.4,24.5,31.5,
SG,Malaki Branham,11.38,3.09,3.17,29.0,35.0,
SG,Christian Braun,11.0,3.13,3.16,33.5,40.0,
SF,Kendall Brown,11.57,3.05,3.29,31.5,41.0,
PF,John Butler Jr.,11.16,3.04,3.33,26.5,28.5,
SF,Julian Champagnie,11.39,3.04,3.14,28.5,34.5,
PG,Kennedy Chandler,10.73,2.89,,31.0,41.5,
SG,Max Christie,10.82,3.02,3.07,32.0,37.5,
C,Kofi Cockburn,12.11,3.31,3.33,29.5,32.5,
SG,Dyson Daniels,10.81,2.81,3.22,29.0,34.0,
PG,Johnny Davis,,,,,,
PG,JD Davison,11.38,3.23,3.26,30.0,37.0,
SF-PF,Darius Days,,,,,,
C,Moussa Diabate,11.16,2.9,3.26,29.0,36.5,
SF,Ousmane Dieng,,,,,,
C,Khalifa Diop,,,,,,
C,Jalen Duren,,,,,,
PF,Tari Eason,,,,,,
SG,Keon Ellis,10.87,3.02,3.18,28.0,35.5,
C,Michael Foster Jr.,11.49,3.1,3.22,28.0,32.5,
PG,Collin Gillespie,10.95,3.01,3.21,26.5,33.0,
SF,AJ Griffin,,,,,,
SG,Jaden Hardy,,,,,,
SF,Ron Harper Jr.,11.41,3.24,3.4,26.0,30.5,
PF,Chet Holmgren,,,,,,
SF,Harrison Ingram,11.83,3.26,3.31,29.5,35.0,
PG,Jaden Ivey,,,,,,
C,Trayce Jackson-Davis,,,,,,
SF,Nikola Jovic,,,,,,
SG,Johnny Juzang,11.03,3.17,3.29,27.5,32.5,
PF,Ismael Kamagate,,,,,,
SG,Trevor Keels,11.33,3.32,3.27,24.5,31.0,
C,Walker Kessler,,,,,,
C,Christian Koloko,11.3,3.19,3.27,28.0,33.5,
PF,Jake LaRavia,10.58,2.89,3.37,27.5,34.0,
PF,Justin Lewis,11.49,3.02,3.23,32.5,35.0,
PF,E.J. Liddell,11.11,3.23,3.26,35.5,38.0,
PF-C,Kenneth Lofton Jr.,,,,,,
SG-SF,Tyrese Martin,,,,,,
SG,Bennedict Mathurin,,,,,,
SF,Matthew Mayer,10.74,,3.39,25.5,31.5,
SG,Bryce McGowens,11.12,3.16,3.27,29.5,34.0,
SF,Leonard Miller,11.11,3.02,3.36,30.0,36.5,
PF,Josh Minnott,,,,,,
SG-SF,Aminu Mohammed,11.54,3.04,3.33,29.5,36.0,
PG,Iverson Molinar,11.23,3.1,3.19,31.0,38.0,
PG,Jean Montero,11.19,3.17,3.17,29.5,37.0,
SG,Wendell Moore,10.94,3.21,3.3,32.5,38.5,
PF,Keegan Murray,,,,,,
PG,Andrew Nembhard,10.46,3.02,3.26,26.5,35.0,
PG,Scotty Pippen Jr.,11.07,3.1,3.21,30.5,37.5,
SG-SF,Gabriele Procida,11.02,3.14,3.07,29.5,35.0,
SG-SF,Jared Rhoden,,,,,,
C,Orlando Robinson,11.4,3.23,3.55,23.0,27.5,
PF,David Roddy,10.75,3.1,3.22,27.0,35.5,
SG,Ryan Rollins,11.26,3.28,3.07,30.5,36.5,
PG,Marcus Sasser,,,,,,
SG,Dereon Seabron,11.03,3.04,3.12,30.5,38.0,
SG,Shaedon Sharpe,,,,,,
SG,Terquavion Smith,10.63,3.03,3.14,30.5,38.5,
PF,Jabari Smith,,,,,,
PF,Jeremy Sochan,,,,,,
PG,Matteo Spagnolo,11.42,3.16,3.4,25.5,31.5,
SF,Julian Strawther,10.3,3.37,3.26,28.5,35.0,
SG,Dalen Terry,,,,,,
C,Drew Timme,11.71,3.31,3.38,25.5,31.5,
PF,Jabari Walker,11.53,3.12,3.24,29.5,32.5,
SG,TyTy Washington Jr.,,,,,,
SF,Peyton Watson,11.03,3.24,3.28,28.0,33.5,
SG,Blake Wesley,11.55,3.25,3.21,30.0,36.0,
SG,Alondes Williams,10.96,3.11,3.15,30.0,35.5,
SG,Jalen Williams,11.13,3.17,3.11,33.5,39.0,
C,Jaylin Williams,11.64,3.1,3.5,24.5,30.0,
C,Trevion Williams,12.75,3.46,3.48,27.5,30.0,
PF-C,Bryson Williams,,,,,,
C,Mark Williams,,,,,,
SF-PF,Jalen Wilson,,,,,,
SF-PF,Fanbo Zeng,,,,,,
PG,Max Abmas,10.9,3.49,3.12,28.5,32.5,
SG,Ochai Agbaji,10.88,3.1,3.13,32.0,41.5,
SF,Marcus Bagley,12.26,3.1,3.17,32.5,38.5,
SF,Scottie Barnes,10.88,2.99,3.15,36.0,39.5,
C,Charles Bassey,12.19,3.33,3.13,33.0,36.0,
SF,Brandon Boston Jr.,,,,,,
SG,James Bouknight,,,,,,
PF,Greg Brown III,10.98,2.98,3.19,33.5,39.0,
PG,Jared Butler,,,,,,
SF,Julian Champagnie,12.38,3.2,3.2,26.0,32.0,
PF,Justin Champagnie,11.94,3.14,3.34,27.0,35.0,
SG,Josh Christopher,11.32,3.3,3.14,29.5,37.5,
PG,Sharife Cooper,,,,,,
PG,Cade Cunningham,,,,,,
SG,Ayo Dosunmu,11.51,3.27,3.23,27.0,33.5,
SG,David Duke Jr.,11.21,3.19,3.08,30.0,39.0,
PF,Kessler Edwards,11.3,3.38,3.25,28.0,37.0,
C,Luka Garza,11.9,3.38,3.51,24.0,29.5,
PF,RaiQuan Gray,11.69,3.3,3.25,26.5,31.5,
SG,Jalen Green,,,,,,
SG,Quentin Grimes,11.09,3.33,3.07,30.5,38.5,
SF,Sam Hauser,11.14,3.07,3.34,28.5,34.5,
SF,Aaron Henry,11.68,3.18,3.07,29.0,35.0,
C,Ariel Hukporti,12.2,3.53,3.12,24.5,31.0,
PF,Matt Hurt,11.44,3.25,3.34,25.5,32.5,
SG,Nah'Shon Hyland,10.53,3.17,3.1,26.5,34.0,
C,Isaiah Jackson,,,,,,
SG,David Johnson,12.02,3.2,3.03,33.0,39.0,
PF,Jalen Johnson,,,,,,
SG,Keon Johnson,11.45,3.2,3.0,41.5,48.0,
PG,Carlik Jones,10.96,3.23,3.16,31.5,36.0,
PF,Kai Jones,,,,,,
SF,Herbert Jones,11.02,3.17,3.25,28.5,36.5,
SG,Johnny Juzang,11.13,3.08,3.13,31.0,36.5,
SF,Corey Kispert,10.91,2.99,3.12,30.0,37.5,
SF,Jonathan Kuminga,,,,,,
SG-SF,AJ Lawson,11.0,3.01,2.98,33.0,41.0,
SF,Scottie Lewis,10.45,3.03,2.98,34.0,42.0,
SF,Isaiah Livers,,,,,,
C,Makur Maker,11.87,3.28,3.34,25.5,31.0,
C,Sandro Mamukelashvili,11.63,3.3,3.21,30.5,36.5,
PG,Tre Mann,,,,,,
PF,Matthew Mayer,,,,,,
PG,Miles McBride,11.08,3.13,3.1,31.0,38.5,
PG,Davion Mitchell,,,,,,
PF,Evan Mobley,,,,,,
PF,Isaiah Mobley,12.7,3.5,3.3,26.5,32.0,
SG,Moses Moody,,,,,,
SF,Trey Murphy III,11.65,3.32,3.14,34.0,38.0,
PG,Daishen Nix,11.72,3.18,3.0,29.5,36.5,
SG,John Petty Jr.,11.51,3.17,3.35,27.5,34.0,
PF,Yves Pons,10.89,3.05,3.1,36.0,42.5,
PG,Jason Preston,10.82,3.08,3.13,30.5,38.5,
SG,Joshua Primo,10.97,3.36,3.22,30.5,37.5,
PF,Roko Prkacin,,,,,,
C,Neemias Queta,11.85,3.5,3.29,27.0,33.0,
SG,Austin Reaves,10.94,3.19,3.07,25.0,35.0,
PF,Jeremiah Robinson-Earl,11.64,3.15,3.29,27.0,32.0,
SF,Terrence Shannon Jr.,11.51,3.12,3.21,32.5,39.5,
C,Day'Ron Sharpe,,,,,,
C,Jericho Sims,11.59,3.38,3.05,37.0,44.5,
SG,Jaden Springer,11.46,3.1,3.13,34.5,41.5,
PG,DJ Steward,11.14,3.1,3.08,34.5,38.5,
SG,Cam Thomas,,,,,,
PF,JT Thor,12.19,3.08,3.06,31.5,35.0,
PF,Isaiah Todd,11.38,3.25,3.31,28.5,35.5,
SG,Duane Washington Jr.,11.5,3.06,3.17,29.5,35.5,
PF,Trendon Watford,11.69,3.23,3.27,28.0,35.0,
SF,Joe Wieskamp,10.7,3.18,3.04,30.0,42.0,
SG-SF,Aaron Wiggins,11.2,3.0,3.04,29.5,36.0,
SF,Ziaire Williams,10.69,3.04,3.12,34.0,39.5,
PF,Moses Wright,11.2,3.42,3.15,31.5,38.0,
PG,McKinley Wright IV,10.76,3.12,3.08,31.5,38.0,
PG,Marcus Zegarowski,11.47,3.26,3.11,30.0,35.5,
PF,Precious Achiuwa,,,,,,
SG,Ty-Shon Alexander,11.33,2.47,3.26,28.0,33.0,
C,Udoka Azubuike,11.82,3.61,3.23,37.0,41.0,
PF,Tyler Bey,11.35,2.75,3.17,37.0,43.5,
PF,Yoeli Childs,10.87,2.42,3.22,34.0,38.5,
PF,Mamadi Diakite,11.95,2.71,3.16,28.0,37.0,
PG,Devon Dotson,10.44,2.22,3.02,31.5,40.5,
SF-PF,Paul Eboua,10.79,2.44,3.19,33.0,35.5,
SG-SF,CJ Elleby,11.25,2.63,3.25,30.5,36.5,
PG,Trent Forrest,11.04,2.5,3.18,28.0,34.5,
SG-SF,Josh Green,10.64,2.28,3.12,30.5,39.5,
PG,Ashton Hagans,10.82,2.5,3.13,29.5,36.5,
SF,Joshua Hall,12.16,2.62,3.38,31.5,37.5,
SG,Jalen Harris,10.59,2.49,3.11,37.5,42.5,
PG,Markus Howard,11.21,3.17,3.11,30.5,35.5,
SF-SG,Elijah Hughes,,,,,,
SG,Isaiah Joe,,,,,,
SG,Mason Jones,10.6,2.49,3.33,24.0,31.0,
PF-C,Nathan Knight,11.56,2.96,3.31,23.0,31.5,
PG,Theo Maledon,,,,,,
PG-SG,Karim Mane,11.52,2.64,3.04,31.0,36.0,
SF,Naji Marshall,11.77,2.9,3.37,28.5,35.0,
SF-PF,Kenyon Martin Jr.,11.93,2.58,3.16,31.5,38.5,
SG,Skylar Mays,10.65,2.4,3.3,29.0,37.5,
PF-C,Zeke Nnaji,10.94,2.72,3.2,33.0,38.0,
SF-PF,Jordan Nwora,11.29,2.66,3.43,29.0,35.0,
PF-C,Reggie Perry,11.26,2.57,3.25,30.0,33.5,
PG-SG,Myles Powell,,,,,,
SG,Immanuel Quickley,11.21,2.46,3.17,29.5,35.5,
SG,Jahmi'us Ramsey,,,,,,
PF,Paul Reed Jr.,12.29,2.67,3.45,26.5,37.5,
C,Nick Richards,11.42,2.92,3.25,30.0,34.0,
PG-SG,Grant Riller,11.17,2.45,3.07,32.5,39.5,
SG-SF,Jayden Scrubb,,,,,,
PF-C,Jalen Smith,,,,,,
SG,Cassius Stanley,11.4,2.43,3.09,34.5,44.0,
SF-PF,Lamar Stevens,10.35,2.54,3.2,35.0,41.0,
C,Isaiah Stewart,,,,,,
PG,Tyrell Terry,10.78,2.59,3.28,30.0,34.0,
PF,Killian Tillie,11.6,2.62,3.4,27.5,32.0,
PF-C,Xavier Tillman Sr.,11.8,3.01,3.49,26.0,32.5,
C,Kaleb Wesson,11.73,2.64,3.6,21.5,27.0,
SF,Kahlil Whitney,11.17,2.61,3.28,29.0,39.0,
PG,Cassius Winston,11.15,2.74,3.61,24.0,28.0,
SF,Robert Woodard II,11.1,2.49,3.18,32.0,38.0,
SG,Nickeil Alexander-Walker,,,,,,
SF,RJ Barrett,,,,,,
C,Charles Bassey,12.65,3.27,3.53,29.0,33.0,7.0
PF,Darius Bazley,11.09,2.95,3.27,30.5,37.0,4.0
C,Bol Bol,,,,,,
SG,Jordan Bone,9.97,2.78,3.08,36.0,42.5,7.0
SF,Brian Bowen II,10.98,3.21,3.26,32.0,35.5,1.0
PG,Ky Bowman,11.11,3.11,3.26,27.5,33.0,4.0
SF,Ignas Brazdeikis,11.06,3.17,3.36,31.0,36.5,13.0
SF-PF,O'Shae Brissett,11.3,3.18,3.48,34.0,37.5,11.0
C,Moses Brown,11.95,3.3,3.51,27.0,31.0,
SF,Brandon Clarke,10.61,3.05,3.15,34.0,40.5,10.0
C,Nicolas Claxton,11.26,3.47,3.36,31.5,36.5,8.0
PF,Tyler Cook,11.32,3.1,3.28,27.5,32.0,11.0
SG,Jarrett Culver,,,,,,
SG,Terence Davis,10.69,2.96,3.28,29.5,34.0,13.0
PG,Luguentz Dort,10.79,3.13,3.22,32.5,38.0,14.0
PG,Devon Dotson,10.63,2.8,3.04,30.0,38.5,7.0
PG,Carsen Edwards,10.53,2.82,3.22,28.5,34.0,14.0
C,Tacko Fall,13.01,3.46,3.78,22.0,26.5,8.0
C,Bruno Fernando,11.29,3.05,3.21,29.5,33.5,13.0
PF,Daniel Gafford,11.61,3.19,3.25,32.5,36.5,5.0
PG,Darius Garland,,,,,,
SG,Quentin Grimes,10.83,3.28,3.2,27.5,36.0,6.0
SG,Kyle Guy,10.48,3.07,3.27,30.5,36.5,4.0
PG,Jaylen Hands,10.73,3.03,3.12,33.0,41.5,6.0
PG,Jared Harper,10.77,3.02,3.04,33.5,40.5,8.0
PF,Jaxson Hayes,11.74,3.23,3.37,27.0,34.5,5.0
C,Dewan Hernandez,11.46,3.25,3.28,30.5,35.5,13.0
SG,Tyler Herro,,,,,,
PF,Jalen Hoard,11.44,3.32,3.34,27.5,35.5,8.0
SG,Talen Horton-Tucker,11.34,3.43,3.34,26.0,34.5,10.0
,De'Andre Hunter,,,,,,
SF-PF,DaQuan Jeffries,,,,,,
PG,Ty Jerome,11.21,3.12,3.4,26.0,31.5,2.0
SG,Keldon Johnson,,,,,,
SG,Cameron Johnson,10.52,3.28,3.26,30.5,36.5,
PF,Mfiondu Kabengele,11.21,3.3,3.25,28.0,35.5,6.0
SF,Louis King,10.99,3.05,3.28,29.0,33.0,
SG,Romeo Langford,,,,,,
PF,Dedric Lawson,11.8,3.54,3.6,23.5,26.0,10.0
PG,Jalen Lecque,11.09,3.3,3.29,35.0,43.0,1.0
SF,Nassir Little,12.15,3.1,3.24,31.0,38.5,5.0
SG-SF,Terance Mann,11.51,3.14,3.3,32.5,38.5,6.0
PG-SG,Cody Martin,10.44,2.99,3.32,28.0,35.5,7.0
SG,Charles Matthews,11.26,3.24,3.38,29.5,37.5,9.0
SF,Jalen McDaniels,11.54,3.23,3.32,29.5,33.5,
PG,Ja Morant,,,,,,
SG,Zach Norvell Jr.,11.6,3.34,3.43,24.0,30.0,
SG,Jaylen Nowell,10.76,3.13,3.23,32.0,38.5,2.0
PF,Jordan Nwora,,,,,,
,Chuma Okeke,,,,,,
SF,KZ Okpala,10.88,3.13,3.38,30.5,37.0,9.0
SG,Miye Oni,11.71,3.12,3.17,30.5,38.5,19.0
SF,Eric Paschall,11.63,3.26,3.3,33.0,38.0,18.0
SF-PF,Reggie Perry,12.46,3.4,3.3,28.5,31.5,15.0
PG,Shamorie Ponds,11.01,3.07,3.2,29.0,37.0,
SG,Jordan Poole,10.59,3.14,3.27,28.0,35.5,
PF,Jontay Porter,,,,,,
SG,Kevin Porter Jr.,10.82,3.03,3.14,27.0,34.0,2.0
C,Neemias Queta,12.04,3.45,3.73,24.0,32.5,1.0
SF,Cameron Reddish,,,,,,
PF,Naz Reid,12.03,3.76,3.42,26.0,32.5,3.0
PF,Isaiah Roby,10.63,3.05,3.25,32.5,35.5,9.0
PF,Luka Samanic,11.01,3.03,3.27,27.0,38.0,7.0
SF,Admiral Schofield,10.77,2.87,3.37,30.0,34.0,15.0
SF-PF,Marial Shayok,11.16,3.04,3.37,29.5,36.5,9.0
PF,Simisola Shittu,11.85,3.24,3.3,27.0,35.5,11.0
,Killian Tillie,,,,,,
PF,P.J. Washington,,,,,,
PG,Tremont Waters,10.76,3.11,3.07,30.5,40.5,5.0
SG,Quinndary Weatherspoon,11.57,3.15,3.16,31.0,38.0,
PG,Coby White,,,,,,
SF,Kris Wilkes,10.39,3.09,3.34,27.5,35.0,4.0
PF,Grant Williams,10.83,3.27,3.33,26.0,31.5,20.0
PF,Zion Williamson,,,,,,
SF,Dylan Windler,10.7,2.94,3.3,29.0,37.5,8.0
SG,Rawle Alkins,11.5,3.09,3.15,32.5,40.5,10.0
SG,Grayson Allen,10.31,3.04,3.15,32.5,40.5,
PF,Kostas Antetokounmpo,12.48,3.48,3.21,29.5,35.0,
C,Udoka Azubuike,12.97,3.65,3.12,31.0,31.5,11.0
C,Mohamed Bamba,,,,,,
PG-SG,Jaylen Barford,11.39,3.21,3.31,27.0,33.0,7.0
SG-SF,Keita Bates-Diop,11.2,3.28,3.17,30.5,35.0,11.0
SG,Tyus Battle,11.04,2.87,3.07,32.0,37.5,9.0
SG-SF,Brian Bowen,11.58,3.33,3.28,30.5,34.0,
SF,Miles Bridges,,,,,,
SG-PG,Bruce Brown,11.11,3.44,3.2,32.5,38.0,17.0
SF,Troy Brown,11.51,3.29,3.33,26.0,33.0,5.0
PG,Jalen Brunson,10.59,3.11,3.15,29.0,37.0,7.0
PG,Tony Carr,11.89,3.4,3.17,25.0,31.5,
PG,Jevon Carter,11.04,3.05,3.18,29.0,36.5,14.0
C-PF,Wendell Carter,,,,,,
SG,Donte DiVincenzo,10.72,3.12,3.11,34.5,42.0,12.0
SG,Hamidou Diallo,10.53,3.14,3.1,32.5,40.5,1.0
PG,Trevon Duval,10.93,3.09,3.18,34.0,41.5,6.0
PG,Carsen Edwards,11.59,3.15,3.2,28.5,34.5,12.0
PG,Keenan Evans,,,,,,
SG-SF,Jacob Evans,11.11,3.14,3.2,28.0,35.5,8.0
C,Bruno Fernando,12.19,3.03,3.23,29.0,35.0,11.0
SF-SG,Melvin Frazier,11.24,3.08,3.08,31.0,40.5,
PG,Shai Gilgeous-Alexander,,,,,,
PG,Devonte Graham,11.28,3.15,3.21,31.0,37.0,14.0
C,Isaac Haas,,,,,,
SG,Devon Hall,10.95,3.16,3.27,25.0,31.0,6.0
PG,Jaylen Hands,12.11,3.16,3.13,31.5,39.5,6.0
PF,Kevin Hervey,11.28,3.15,3.36,27.5,32.0,4.0
PG,Aaron Holiday,10.96,3.22,3.27,25.5,33.0,
SG,Kevin Huerter,10.89,2.97,3.09,31.0,38.0,9.0
PF-C,Jaren Jackson,,,,,,
PF,Justin Jackson,,,,,,
PF,Alize Johnson,11.83,3.28,3.38,25.0,31.0,8.0
SF-SG,George King,10.75,3.08,3.29,31.0,39.0,15.0
SF,Kevin Knox,,,,,,
C,Sagaba Konate,12.28,3.36,3.28,31.5,35.0,12.0
SF-SG,Caleb Martin,10.43,2.75,3.26,29.0,36.5,6.0
SG-SF,Cody Martin,10.64,3.05,3.09,29.0,36.5,4.0
PF-C,Yante Maten,11.35,3.13,3.17,27.0,31.5,18.0
C,Brandon McCoy,11.77,3.31,3.23,27.5,32.0,9.0
SG-PG,DeAnthony Melton,11.48,3.33,3.23,31.0,36.5,1.0
PF-C,Chimezie Metu,11.89,3.25,3.33,29.5,36.0,5.0
SG-PG,Shake Milton,11.07,3.19,3.25,30.0,33.0,2.0
SG-SF,Sviatoslav Mykhailiuk,11.25,3.18,3.15,30.5,37.0,4.0
SG,Malik Newman,10.9,3.18,3.13,27.5,33.5,
SG,Josh Okogie,11.08,3.03,3.04,33.0,42.0,12.0
SG-SF,Theo Pinson,11.53,3.11,3.22,27.0,34.0,7.0
C-PF,Jontay Porter,11.9,3.07,3.4,25.5,31.0,9.0
SF-PF,Michael Porter,,,,,,
PF,Billy Preston,11.26,3.35,3.2,25.0,33.0,
SG,Jerome Robinson,,,,,,
PG,Collin Sexton,,,,,,
PG,Landry Shamet,11.26,3.21,3.11,31.0,39.5,8.0
SG-PG,Anfernee Simons,11.27,3.16,3.1,32.0,41.5,1.0
SF-SG,Zhaire Smith,11.02,3.15,3.05,33.0,41.5,10.0
PF,Ray Spalding,11.48,3.2,3.34,26.0,32.0,12.0
PF-C,Omari Spellman,12.28,3.35,3.38,28.5,35.5,8.0
SG,Khyri Thomas,10.96,3.18,3.18,30.0,35.0,14.0
SG,Gary Trent,11.37,2.99,3.12,33.5,39.5,12.0
SG,Allonzo Trier,11.02,2.97,3.14,32.0,40.0,11.0
C-PF,Moritz Wagner,11.48,3.07,3.18,27.0,34.0,8.0
SG,Lonnie Walker,10.87,2.91,3.06,31.5,40.0,12.0
PF,PJ Washington,11.39,3.43,3.2,27.0,34.0,3.0
C,Austin Wiley,12.79,3.27,3.3,28.0,33.5,14.0
SF,Kris Wilkes,11.29,3.16,3.24,28.0,35.5,1.0
SF,Kenrich Williams,10.86,3.28,3.19,28.0,33.0,14.0
PG,Trae Young,,,,,,
PF-C,Edrice Adebayo,11.94,3.24,3.24,33.5,38.5,12.0
SG-SF,Rawle Alkins,11.99,3.18,3.3,31.5,40.5,7.0
C,Jarrett Allen,11.82,3.0,3.21,31.5,35.5,4.0
PG,Kadeem Allen,11.24,2.98,3.15,33.0,35.5,7.0
C,Ike Anigbogu,12.52,3.48,3.44,29.5,32.5,11.0
SF,OG Anunoby,,,,,,
SG-SF,Jamel Artis,11.62,3.08,3.44,23.5,31.0,5.0
SG-SF,Dwayne Bacon,11.7,3.22,3.22,30.0,36.5,8.0
SG-SF,V.J. Beachem,11.18,3.19,3.26,30.0,37.0,11.0
PF,Jordan Bell,10.63,2.83,3.21,31.5,38.0,16.0
SF,Jaron Blossomgame,11.47,3.35,3.17,31.0,35.5,16.0
PF,Chris Boucher,,,,,,
C,Tony Bradley,11.79,2.99,3.44,24.5,27.5,5.0
PG,Isaiah Briscoe,10.95,2.85,3.38,28.0,33.5,11.0
SG-SF,Dillon Brooks,11.14,3.24,3.21,31.0,37.5,16.0
PF-C,Thomas Bryant,11.42,3.12,3.37,25.5,33.0,7.0
PF-C,Zach Collins,,,,,,
PF,John Collins,11.66,3.27,3.27,33.0,37.5,15.0
SG-SF,Hamidou Diallo,10.88,2.79,3.11,34.5,44.5,
SG,Tyler Dorsey,10.55,2.98,3.16,30.5,36.0,8.0
SG-SF,Damyean Dotson,11.18,3.03,3.13,31.5,38.0,13.0
SG,PJ Dozier,10.84,2.98,3.15,34.0,39.0,9.0
PG,Jawun Evans,11.34,3.26,3.21,27.5,33.5,1.0
SG-SF,Terrance Ferguson,11.16,3.22,3.32,28.5,38.0,
PG,De?Aaron Fox,,,,,,
PG,Markelle Fultz,,,,,,
PF,Harry Giles,11.08,3.0,3.34,27.0,32.5,5.0
SG-SF,Josh Hart,11.15,3.02,3.18,27.5,35.5,9.0
PF,Nigel Hayes,11.81,2.94,3.27,29.0,33.5,16.0
PF,Isaiah Hicks,12.31,3.31,3.36,31.5,37.0,11.0
SG-SF,Wesley Iwundu,11.25,3.23,3.36,31.5,36.0,5.0
PG,Frank Jackson,10.94,2.7,3.14,34.5,42.0,9.0
SF,Justin Jackson (UMD),11.78,3.08,3.43,26.5,31.5,
SF,Justin Jackson (UNC),10.8,3.06,3.3,29.5,35.5,
SG-SF,Peter Jok,11.34,2.93,3.41,26.5,31.0,
SG-SF,Luke Kennard,,,,,,
SF-SG,Kyle Kuzma,10.72,2.98,3.25,27.0,34.0,12.0
PF,TJ Leaf,11.55,3.27,3.27,29.0,34.5,6.0
PF,Tyler Lydon,11.68,2.81,3.46,29.5,33.5,1.0
PG,Frank Mason III,11.41,3.09,3.18,34.0,41.0,15.0
C,Kennedy Meeks,12.91,3.35,3.5,28.0,30.5,15.0
SG,Donovan Mitchell,11.53,3.07,3.01,36.5,40.5,10.0
PG,Monte Morris,11.0,3.2,3.19,28.0,33.5,8.0
PF,Johnathan Motley,,,,,,
SG-SF,Svi Mykhailiuk,12.4,3.25,3.53,27.0,33.0,8.0
SF-SG,Semi Ojeleye,10.58,3.07,3.16,35.0,40.5,19.0
PF,Cameron Oliver,12.17,3.31,3.16,28.0,39.5,5.0
C,Justin Patton,11.8,3.31,3.46,26.0,30.5,
PF,Alec Peters,,,,,,
PF,Ivan Rabb,12.68,3.23,3.35,28.5,32.5,3.0
SG-SF,Davon Reed,11.37,3.21,3.34,28.5,36.0,12.0
SF,Devin Robinson,12.85,3.61,3.23,35.5,41.5,10.0
PG,Kobi Simmons,11.15,2.98,3.18,30.5,38.5,3.0
PG,Edmond Sumner,,,,,,
PF,Caleb Swanigan,,,,,,
SG-SF,Sindarius Thornwell,11.48,3.03,3.36,27.0,30.5,15.0
PG,Melo Trimble,10.75,2.92,3.27,24.5,32.0,6.0
PF,Moritz Wagner,12.0,2.98,3.35,25.5,32.5,
PG,Derrick Walton Jr.,11.28,3.12,3.29,26.0,32.5,9.0
PF-C,Thomas Welsh,,,,,,11.0
PG,Derrick White,10.84,2.92,3.08,31.0,36.5,10.0
PG,Nigel Williams-Goss,10.42,3.08,3.19,27.5,34.5,10.0
PF,D.J. Wilson,,,,,,
C,Omer Yurtseven,12.85,3.3,3.45,26.0,31.5,6.0
SG,Ron Baker,10.77,2.96,3.45,30.0,35.5,
PG,Wade Baldwin IV,10.45,3.01,3.19,32.5,38.0,
PG,Cat Barber,,,,,,
SG,Malik Beasley,,,,,,
SG-SF,DeAndre Bembry,10.9,2.87,3.17,32.0,38.0,
PF,Ben Bentil,11.16,3.1,3.3,29.0,33.0,
SF,Jaron Blossomgame,11.53,3.26,3.2,35.0,41.0,
PF,Joel Bolomboy,10.26,2.86,3.17,37.5,40.5,
SG,Malcolm Brogdon,10.77,2.64,3.31,30.5,35.5,
SG-SF,Jaylen Brown,,,,,,
PF,Marquese Chriss,11.93,3.05,3.26,32.5,38.5,
SF,Elgin Cook,,,,,,
PG,Isaiah Cousins,10.79,2.97,3.24,30.5,37.0,
PF,Deyonta Davis,,,,,,
PF,Cheick Diallo,11.24,3.3,3.26,31.0,35.0,
PG,Kris Dunn,,,,,,
PF,Henry Ellenson,,,,,,
PF,Perry Ellis,10.73,3.03,3.13,32.0,38.0,
PG,Kay Felder,11.52,2.9,3.15,35.5,44.0,
SF,Dorian Finney-Smith,11.01,3.04,3.27,32.5,35.5,
SG,Michael Gbinije,11.0,3.19,3.12,33.5,37.5,
SG-SF,Daniel Hamilton,11.48,3.2,3.4,26.0,29.0,
SG,Josh Hart,11.15,3.15,3.2,29.5,38.5,
SF-PF,Nigel Hayes,12.11,2.9,3.2,25.5,28.5,
SG,Buddy Hield,,,,,,
SF,Justin Jackson,11.32,2.96,3.26,29.5,34.5,
PG,Demetrius Jackson,10.81,2.87,3.25,37.5,43.5,
PF,Brice Johnson,11.88,2.94,3.2,33.5,38.0,
C,Damian Jones,11.35,3.12,3.2,36.0,37.0,
PF-C,Skal Labissiere,,,,,,
SF,Jake Layman,11.35,2.82,3.24,33.0,39.5,
SG,Caris LeVert,,,,,,
PF-C,Marcus Lee,11.68,3.19,3.25,28.5,35.5,
PF,Thon Maker,11.15,3.09,3.33,32.0,36.5,
PG-SG,Patrick McCaw,11.01,2.97,3.3,30.0,38.0,
SG,Malik Newman,10.88,3.11,3.28,30.0,35.5,
PF,Georges Niang,11.64,3.17,3.49,25.0,31.0,
C,Chinanu Onuaku,11.65,3.0,3.5,27.5,33.5,
PG,Marcus Paige,10.82,2.69,3.15,33.5,39.5,
PG,Gary Payton II,11.57,3.17,3.23,31.5,38.5,
C,Jakob Poeltl,,,,,,
SF,Taurean Prince,10.96,2.8,3.24,34.0,36.0,
PF-C,Zhou Qi,11.27,2.9,3.46,31.5,32.0,
SG-SF,Malachi Richardson,10.56,3.25,3.33,33.0,38.0,
SG,Wayne Selden,,,,,,
PF,Pascal Siakam,11.25,3.09,3.41,30.5,36.5,
C,Diamond Stone,12.02,3.22,3.5,27.0,29.5,
PF,Caleb Swanigan,12.8,,,26.0,29.0,
PG,Melo Trimble,10.57,2.77,3.2,26.5,35.5,
PG,Tyler Ulis,10.8,2.88,3.2,32.5,38.0,
PF,Jarrod Uthoff,11.52,3.03,3.5,29.0,34.5,
SG-SF,Denzel Valentine,10.51,3.22,3.46,27.0,32.0,
PG-SG,Isaiah Whitehead,11.65,3.21,3.34,27.5,35.5,
SF,Troy Williams,10.72,3.08,3.35,30.0,36.0,
PF,Kyle Wiltjer,11.35,3.04,3.48,28.5,35.5,
C,Stephen Zimmerman,12.08,3.16,3.43,26.0,31.0,
PF-C,Cliff Alexander,,,,,,
SF-SG,Justin Anderson,11.13,2.88,3.22,38.0,43.0,12.0
PF,Brandon Ashley,11.21,3.35,3.58,31.5,35.5,9.0
PG,Ryan Boatright,10.71,3.05,3.26,32.0,41.0,10.0
SG,Devin Booker,10.27,2.75,3.28,27.5,34.5,8.0
SF-SG,Anthony Brown,10.94,3.29,3.18,27.5,34.5,4.0
C,Willie Cauley-Stein,,,,,,
PF-C,Rakeem Christmas,11.6,3.3,3.47,29.0,32.0,9.0
SG,Pat Connaughton,10.58,3.08,3.2,37.5,44.0,13.0
PG,Quinn Cook,11.44,3.41,3.38,24.5,31.0,14.0
PF,Branden Dawson,12.22,3.53,3.2,28.5,34.5,12.0
SF,Sam Dekker,10.64,2.96,3.28,25.5,34.5,5.0
SG,Michael Frazier II,10.66,3.02,3.32,27.0,35.0,10.0
SF,Treveon Graham,11.64,3.15,3.3,28.5,31.5,11.0
PG,Jerian Grant,,,,,,
PG-SG,Olivier Hanlan,11.41,3.12,3.25,28.0,34.0,19.0
PF,Montrezl Harrell,,,,,,
PG,Andrew Harrison,11.2,,3.34,26.5,33.0,
SG,Aaron Harrison,,,3.27,28.5,34.5,1.0
SG,Tyler Harvey,10.56,2.93,3.44,26.0,28.5,1.0
SG-PG,Corey Hawkins,10.81,,3.51,28.5,34.0,9.0
SF,Rondae Hollis-Jefferson,10.41,3.19,3.12,32.0,38.0,13.0
PF,Richaun Holmes,11.24,3.31,3.32,32.5,36.0,15.0
PF-SF,Jonathan Holmes,10.95,3.12,3.51,25.5,31.0,
SG,R.J. Hunter,10.87,2.91,3.26,27.5,33.5,1.0
PF,Vince Hunter,11.19,3.06,3.26,33.5,37.5,13.0
C,Dakari Johnson,11.76,2.94,3.62,22.5,25.0,4.0
SF,Stanley Johnson,,,,,,
PG,Tyus Jones,11.84,2.95,3.32,26.5,32.5,2.0
C-PF,Frank Kaminsky,,,,,,
PF,Kevon Looney,,,,,,
PF,Trey Lyles,,,,,,
PF,Jarell Martin,11.2,2.97,3.27,28.5,35.0,19.0
PG,TJ McConnell,10.95,3.09,3.3,26.0,31.5,7.0
PF,Chris McCullough,,,,,,
PF,Jordan Mickey,11.72,3.13,3.28,33.0,37.5,9.0
PF,Larry Nance,10.93,3.01,3.25,29.0,37.5,10.0
SF-SG,Kelly Oubre,11.09,3.12,3.32,34.5,37.0,7.0
PG,Cameron Payne,10.9,2.93,3.28,29.8,35.5,
SG,Terran Petteway,10.91,3.1,3.32,25.0,31.0,15.0
PF,Bobby Portis,11.78,3.28,3.56,25.0,31.5,5.0
SG,Norman Powell,10.69,3.2,3.2,32.5,40.5,5.0
SG-SF,Michael Qualls,11.88,,3.18,34.0,39.5,9.0
PG,Chasson Randle,10.63,2.81,3.2,33.5,39.5,6.0
PG-SG,Terry Rozier,10.84,2.84,3.15,33.0,38.0,7.0
PG-SG,D?Angelo Russell,,,,,,
PG,Keifer Sykes,10.47,3.15,3.13,34.0,43.0,8.0
PG-SG,Marcus Thornton,10.78,2.88,3.02,34.5,43.0,3.0
SF-SG,J.P. Tokoto,10.97,3.2,3.27,34.5,40.0,12.0
C-PF,Myles Turner,,,,,,
C,Robert Upshaw,,,,,,
SG,Rashad Vaughn,11.4,3.1,3.21,28.0,34.0,5.0
PF,Chris Walker,11.25,3.41,3.35,30.5,37.0,6.0
SG,Dez Wells,10.56,3.05,3.2,31.5,39.0,15.0
PF,Alan Williams,12.26,3.54,3.5,25.5,28.5,8.0
SF,Justise Winslow,,,,,,
PF,Christian Wood,,,,,,
PG,Delon Wright,11.16,3.5,3.29,29.5,31.0,4.0
SG,Jordan Adams,12.13,3.05,3.5,24.5,29.5,
SF,Kyle Anderson,,,,,,
SF,Thanasis Antetokounmpo,11.39,3.05,3.18,31.5,39.5,
PF,Jordan Bachynski,12.15,3.03,3.36,29.0,33.0,
PF,Cameron Bairstow,11.39,3.09,3.37,31.0,33.5,
PF,Khem Birch,11.6,3.24,3.26,30.5,35.5,
PF,Alec Brown,12.05,2.91,3.48,27.0,30.0,
SG,Markel Brown,12.62,2.9,3.18,36.5,43.5,
SG,Jabari Brown,11.6,3.26,3.5,28.0,32.0,
PG,Deonte Burton,11.28,3.08,3.28,29.0,39.5,
PG,Semaj Christon,11.55,3.21,3.32,30.5,36.5,
PG,Jordan Clarkson,10.76,2.98,3.28,33.0,38.5,
PG,Aaron Craft,10.78,2.9,3.26,29.0,32.0,
SF,DeAndre Daniels,11.46,3.04,3.44,26.5,32.0,
PG,Spencer Dinwiddie,,,,,,
SF,Cleanthony Early,11.15,2.96,3.18,34.0,40.0,
SF,Melvin Ejim,11.55,3.12,3.14,29.5,35.0,
PG,Tyler Ennis,11.12,2.84,3.3,29.0,36.0,
SG,Dante Exum,10.75,2.88,3.19,31.5,34.5,
SF,C.J. Fair,11.0,3.06,3.32,27.0,35.0,
PF,Aaron Gordon,10.81,2.76,3.27,32.5,39.0,
SF,Jerami Grant,,,,,,
SG,P.J. Hairston,11.12,,3.32,32.0,37.0,
SG,Gary Harris,,,,,,
SG,Joe Harris,11.11,2.92,3.31,28.5,33.5,
SF,Rodney Hood,11.21,3.14,3.38,29.0,36.0,
PF,Cory Jefferson,12.63,3.39,3.36,33.0,37.5,
SG,Nick Johnson,10.8,2.95,3.27,33.5,41.5,
SG,Sean Kilpatrick,,,,,,
PF,Alex Kirk,11.2,3.19,3.48,28.5,31.5,
PG,Zach LaVine,10.42,2.8,3.19,33.5,41.5,
SG,Devyn Marble,11.32,3.08,3.28,29.0,35.0,
PF,James McAdoo,11.61,2.91,3.28,29.5,34.0,
SF,K.J. McDaniels,12.71,3.2,3.1,33.0,37.0,
SF,Doug McDermott,11.1,3.15,3.29,28.5,36.5,
SG,Jordan McRae,11.07,3.15,3.39,27.5,34.5,
PG,Shabazz Napier,11.6,3.13,3.2,30.5,37.5,
PF,Johnny O?Bryant III,11.57,3.32,3.45,31.0,35.5,
SG,Lamar Patterson,11.63,3.13,3.45,27.5,32.5,
PF,Adreian Payne,,,,,,
PG,Elfrid Payton,11.06,2.92,3.23,31.5,35.5,
PF,Dwight Powell,11.28,2.88,3.2,28.5,35.0,
PF,Julius Randle,11.45,3.14,3.27,29.0,35.5,
SF,Glenn Robinson III,11.22,3.04,3.15,36.5,41.5,
SF,LaQuinton Ross,11.97,3.52,3.44,25.0,31.0,
PG,Marcus Smart,10.82,2.96,3.26,33.0,36.0,
PG,Russ Smith,11.57,3.01,3.27,29.5,34.0,
SG,Nik Stauskas,10.79,2.92,3.27,29.0,35.5,
PF,Jarnell Stokes,11.92,3.2,3.26,31.0,36.0,
PG,Xavier Thames,11.48,3.02,3.48,29.0,32.5,
PF,Noah Vonleh,11.45,3.29,3.28,31.0,37.0,
SF,T.J. Warren,11.1,3.04,3.26,27.0,35.5,
SG,C.J. Wilcox,11.3,2.92,3.22,31.0,37.5,
PG,Kendall Williams,10.83,2.85,,27.0,33.0,
PF,Patric Young,11.18,3.06,3.43,32.0,37.5,
SG,James Young,,,,28.0,35.5,
C,Steven Adams,11.85,3.02,3.4,28.5,33.0,16.0
SG,Vander Blue,10.4,2.7,3.14,28.0,37.5,4.0
PG,Lorenzo Brown,11.78,3.24,3.4,28.0,34.0,8.0
SG-SF,Reggie Bullock,11.33,3.3,3.31,31.0,36.5,11.0
PG,Trey Burke,11.2,3.01,3.16,29.5,36.5,3.0
SG,Kentavious Caldwell-Pope,10.6,3.2,3.12,29.0,34.5,7.0
PG,Isaiah Canaan,10.98,2.89,3.22,33.0,40.5,16.0
PF,Jackie Carmichael,11.83,3.07,3.35,30.0,32.0,13.0
PG,Michael Carter-Williams,10.68,3.7,3.22,31.5,41.0,8.0
SF-SG,Will Clyburn,11.68,3.12,3.38,28.0,34.5,3.0
SF-PF,Robert Covington,11.69,3.1,3.34,29.5,36.0,9.0
SG,Allen Crabbe,10.67,3.1,3.32,30.5,36.0,10.0
SG,Seth Curry,,,,,,
PF,Brandon Davies,11.22,3.14,3.5,26.0,31.5,7.0
C,Dewayne Dedmon,12.75,3.26,3.4,28.0,32.5,8.0
C,Gorgui Dieng,,,,,,
SF,James Ennis,11.55,3.06,3.4,29.5,36.5,7.0
SF-SG,Carrick Felix,11.16,3.09,3.25,32.0,38.5,15.0
SG-SF,Jamaal Franklin,,,,,,
C,Rudy Gobert,12.85,3.19,3.57,25.0,29.0,7.0
SG,Archie Goodwin,10.75,3.41,3.27,30.0,36.0,1.0
PG,Erick Green,,,,,,5.0
SG,Tim Hardaway Jr.,10.68,2.93,3.25,31.5,37.5,16.0
SF,Solomon Hill,10.77,2.91,3.19,29.5,37.5,14.0
PF,Richard Howell,,,,,,
C,Colton Iverson,11.52,3.04,3.52,26.5,30.0,12.0
PG,Pierre Jackson,,,,,,
PF,Grant Jerrett,11.85,3.23,3.51,28.5,34.0,2.0
PG,Myck Kabongo,10.64,2.86,3.44,27.5,33.5,2.0
PF-C,Kenny Kadji,11.47,2.88,3.44,34.0,38.0,9.0
PF,Ryan Kelly,,,,,,
PG,Shane Larkin,10.64,3.03,3.08,34.5,44.0,12.0
SG,Ricky Ledo,10.72,3.16,3.32,27.0,33.5,4.0
C,Alex Len,,,,,,
PF-SF,CJ Leslie,10.19,2.79,3.1,32.5,40.5,
PF,Trevor Mbakwe,12.01,2.97,3.32,30.0,36.5,21.0
PG,Ray McCallum,10.82,3.08,3.25,30.5,40.0,5.0
PG-SG,CJ McCollum,11.02,2.91,3.32,32.0,38.5,13.0
SG,Ben McLemore,11.87,3.11,3.27,32.5,42.0,6.0
PF-SF,Tony Mitchell,11.82,3.25,3.52,33.5,38.0,13.0
SF-SG,Shabazz Muhammad,10.99,2.93,3.32,29.5,37.0,10.0
PF,Erik Murphy,12.19,2.96,3.57,24.5,29.5,13.0
C-PF,Mike Muscala,11.76,2.99,3.44,28.0,33.5,5.0
C,Nerlens Noel,,,,,,
SG,Victor Oladipo,10.69,3.14,3.25,33.0,42.0,15.0
PF-C,Kelly Olynyk,11.42,2.99,3.59,24.5,29.5,5.0
SG,Brandon Paul,11.16,2.9,3.37,33.5,39.5,15.0
PF-C,Norvel Pelle,11.49,3.2,3.32,31.0,34.5,
C-PF,Mason Plumlee,10.89,2.76,3.29,30.5,36.0,14.0
SF,Otto Porter,11.25,3.06,3.4,27.0,36.0,9.0
PG,Phil Pressey,10.86,3.02,3.13,33.0,38.5,7.0
SF-SG,Glen Rice,10.99,3.08,3.25,33.0,40.5,10.0
PF-SF,Andre Roberson,11.36,3.02,3.34,30.0,36.5,10.0
PG,Dennis Schroder,11.09,2.86,3.21,30.0,34.0,1.0
PG,Peyton Siva,10.59,2.93,3.16,33.5,41.5,15.0
SF-SG,Tony Snell,11.36,2.84,3.25,30.0,36.5,7.0
SF-PF,James Southerland,10.9,3.03,3.38,29.0,32.0,5.0
SF,Adonis Thomas,11.64,3.11,3.32,34.5,40.5,13.0
SF,Deshaun Thomas,12.94,3.38,3.53,28.5,32.0,5.0
C,Jeff Withey,12.49,3.29,3.47,26.5,29.0,10.0
PG,Nate Wolters,,,,,,8.0
SG-PG,BJ Young,,,,,,
C-PF,Cody Zeller,10.82,2.69,3.15,35.5,37.5,17.0
PF,Quincy Acy,10.48,,3.28,32.0,37.0,13.0
SF-SG,Harrison Barnes,10.93,,3.16,38.0,39.5,15.0
SG-SF,Will Barton,12.5,,3.6,30.0,34.0,
SG,Bradley Beal,10.95,,3.28,33.0,39.0,8.0
PG,J'Covan Brown,11.68,,3.47,26.0,29.5,3.0
SG-SF,William Buford,11.4,,3.43,27.5,32.5,8.0
SF,Jae Crowder,11.45,,3.37,31.0,34.5,20.0
SG-PG,Jared Cunningham,,,,,,4.0
PF-C,Anthony Davis,,,,,,
SG,Marcus Denmon,10.82,,3.19,33.5,40.0,8.0
C,Andre Drummond,10.83,,3.39,31.5,33.5,10.0
SG,Kim English,10.59,,3.33,29.0,36.5,
C-PF,Festus Ezeli,12.35,,3.29,34.0,33.5,18.0
PF,Drew Gordon,11.35,,3.49,29.0,34.0,10.0
PF,JaMychal Green,10.63,,3.38,29.5,32.5,19.0
PF-SF,Draymond Green,11.01,,3.4,28.0,33.0,9.0
SF,Maurice Harkless,10.87,,3.25,32.5,37.0,5.0
PF,John Henson,,,,25.5,30.0,5.0
PG,Tu Holloway,11.0,,3.42,28.0,35.0,12.0
SF,Robbie Hummel,11.56,,3.41,27.5,30.0,13.0
PF,Bernard James,11.84,,3.4,30.0,32.5,6.0
SG,John Jenkins,11.36,,3.37,30.5,36.5,10.0
SG,Orlando Johnson,10.98,,3.25,32.0,39.5,13.0
SG,Darius Johnson-Odom,10.76,,3.21,33.5,41.5,17.0
PF-SF,Terrence Jones,11.57,,3.4,29.5,34.5,12.0
PF,Kevin Jones,11.94,,3.6,27.5,32.5,17.0
PF-SF,Perry Jones,11.31,,3.19,33.0,38.5,11.0
SG,Kris Joseph,,,3.46,28.5,35.0,6.0
SF,Michael Kidd-Gilchrist,11.77,,3.18,32.0,35.5,6.0
SG-PG,Doron Lamb,11.12,,3.41,29.0,33.5,2.0
SG,Jeremy Lamb,10.98,,3.25,31.5,38.0,5.0
C,Meyers Leonard,11.34,,3.41,30.0,32.5,19.0
PG,Damian Lillard,11.15,,3.34,34.5,39.5,13.0
PG,Scott Machado,11.26,,3.3,27.0,32.5,17.0
PG,Kendall Marshall,12.03,,3.23,31.0,37.0,
C,Fab Melo,12.14,,3.44,29.5,31.0,9.0
SF,Khris Middleton,11.45,,3.47,28.0,31.0,4.0
SF-SG,Darius Miller,11.34,,3.31,33.0,37.0,14.0
SF,Quincy Miller,11.05,,3.48,30.5,36.0,8.0
SG,Tony Mitchell,11.72,,3.47,31.5,40.0,14.0
PF,Arnett Moultrie,11.32,,3.22,33.5,37.5,10.0
SG,Kevin Murphy,10.97,,3.42,31.0,36.5,11.0
PF,Andrew Nicholson,11.89,,3.67,28.5,30.5,10.0
PF,Kyle O'Quinn,11.65,,3.53,31.5,31.5,
PF-C,Miles Plumlee,10.64,,3.36,34.0,40.5,15.0
SG-PG,Austin Rivers,11.54,,3.32,32.5,37.5,1.0
PF,Thomas Robinson,11.96,,3.17,28.5,35.5,15.0
SG-SF,Terrence Ross,11.78,,3.28,31.0,37.5,2.0
PG-SG,Tomas Satoransky,,,,,,
PF,Mike Scott,11.59,,3.44,27.0,32.5,14.0
C-PF,Henry Sims,12.33,,3.44,26.5,29.5,7.0
PF,Jared Sullinger,12.77,,3.81,29.5,31.0,9.0
PG,Tyshawn Taylor,11.48,,3.2,32.0,36.5,
PG,Jordan Taylor,10.57,,3.19,33.0,36.5,14.0
SF-SG,Jeff Taylor,10.87,,3.29,33.5,40.0,15.0
PG,Marquis Teague,10.65,,3.19,32.5,40.5,8.0
SF,Hollis Thompson,11.72,,3.38,28.5,36.5,6.0
SG,Dion Waiters,,,,,,
PF,Royce White,,,,,,
PG,Tony Wroten,10.75,,3.24,30.0,35.5,
PF-C,Tyler Zeller,11.13,,3.4,30.0,34.0,16.0
C-PF,Keith Benson,11.88,,3.35,31.5,36.0,12.0
SG,Marshon Brooks,10.74,,3.09,34.0,38.5,5.0
SG,Alec Burks,10.96,,3.17,29.0,36.0,5.0
SF,Jimmy Butler,11.12,,3.15,32.0,39.0,14.0
PG,Norris Cole,10.07,,3.22,29.5,38.5,11.0
SG,Jon Diebler,10.94,,3.37,28.0,35.0,2.0
PF-C,Michael Dunigan,11.85,,3.27,29.5,34.5,10.0
SG,LaceDarius Dunn,11.45,,3.27,26.5,31.0,3.0
PF,Kenneth Faried,11.35,,3.26,30.5,35.0,16.0
PG,James Fredette,10.42,,3.21,28.0,33.0,14.0
PG,Andrew Goudelock,10.33,,3.1,32.5,37.0,4.0
SF,Jordan Hamilton,11.47,,3.3,25.0,32.0,7.0
PF-SF,Justin Harper,11.92,,3.3,28.5,33.0,19.0
SF-PF,Tobias Harris,10.96,,3.17,31.5,37.5,12.0
SF,Tyler Honeycutt,11.68,,3.07,30.0,37.0,
SG,Scotty Hopson,10.47,,3.18,32.5,36.0,10.0
PG,Kyrie Irving,,,,,,
PF,Rick Jackson,11.51,,3.26,28.5,33.0,9.0
PG-SG,Charles Jenkins,11.68,,3.18,29.5,34.0,16.0
PF,JaJuan Johnson,11.21,,3.14,33.5,38.0,15.0
PG,Cory Joseph,10.75,,3.27,27.5,35.0,5.0
PF-C,Enes Kanter,11.3,,3.26,26.0,32.5,14.0
PG,Brandon Knight,10.74,,3.07,29.0,37.5,10.0
SG,Malcolm Lee,11.2,,3.09,30.0,35.5,17.0
SF,Kawhi Leonard,11.45,,3.15,25.5,32.0,3.0
SG,Travis Leslie,11.0,,3.13,33.0,40.5,10.0
PF,Jon Leuer,10.82,,3.36,29.5,36.5,14.0
SF-SG,DeAndre Liggins,,,3.33,27.0,31.0,6.0
SG,David Lighty,10.81,,3.25,28.5,33.0,15.0
PG,Shelvin Mack,11.23,,3.18,32.0,39.0,17.0
PG,Demetri McCamey,11.55,,3.19,27.0,33.0,
SG,E'Twaun Moore,11.12,,3.31,32.0,34.5,
PF-SF,Marcus Morris,,,3.15,29.0,33.0,11.0
PF,Markieff Morris,,,3.4,27.0,31.5,11.0
PG-SG,Darius Morris,11.0,,3.2,24.5,32.0,12.0
SF,Chandler Parsons,11.05,,3.29,25.5,31.5,4.0
SF,Jereme Richmond,11.74,,3.02,27.0,33.5,
SG-PG,Josh Selby,11.13,,3.2,29.5,42.0,5.0
PG-SG,Iman Shumpert,11.1,,3.18,36.5,42.0,18.0
SF,Kyle Singler,11.22,,3.21,23.0,30.0,10.0
SF,Chris Singleton,11.33,,3.09,30.5,37.5,15.0
PF,Jamie Skeen,12.43,,3.46,26.0,30.5,10.0
PG,Nolan Smith,11.05,,3.17,28.5,34.0,9.0
PF-C,Gregory Smith,12.43,,3.36,29.5,36.0,17.0
PF,Malcolm Thomas,11.31,,3.29,32.0,36.5,3.0
PG,Isaiah Thomas,10.49,,3.14,31.5,40.0,13.0
PF,Trey Thompkins,11.72,,3.41,27.5,30.5,15.0
PF,Tristan Thompson,10.92,,3.26,30.0,35.0,9.0
SG,Klay Thompson,10.99,,3.24,26.5,31.5,5.0
PF-C,Jeremy Tyler,11.26,,3.29,28.0,33.5,10.0
PF-C,Nikola Vucevic,12.02,,3.27,23.5,25.0,8.0
PG,Kemba Walker,10.87,,3.16,32.0,39.5,7.0
PF,Jordan Williams,12.74,,3.45,25.0,30.5,10.0
PF-SF,Derrick Williams,11.03,,3.23,29.0,34.5,19.0
C,Solomon Alabi,13.2,,3.68,22.5,26.0,10.0
C,Cole Aldrich,11.48,,3.35,23.0,28.0,10.0
SF,Al-Farouq Aminu,11.29,,3.3,27.0,33.5,13.0
SF,James Anderson,11.86,,3.19,30.0,35.5,14.0
SF-PF,Luke Babbitt,10.98,,3.4,29.5,37.5,15.0
PG,Eric Bledsoe,,,,,,9.0
PF,Trevor Booker,11.15,,3.1,31.0,36.0,22.0
PF-SF,Craig Brackins,11.65,,3.39,26.0,35.0,6.0
SG-PG,Avery Bradley,11.47,,3.14,31.5,37.5,2.0
PF,Derrick Caracter,12.78,,3.61,25.0,30.5,22.0
PG,Sherron Collins,12.31,,3.24,27.5,33.0,
C,DeMarcus Cousins,11.4,,3.55,23.5,27.5,
SG,Jordan Crawford,11.03,,3.37,31.5,34.5,7.0
PF,Ed Davis,11.7,,3.21,31.0,36.0,
SF,Devin Ebanks,11.69,,3.44,23.5,32.0,6.0
PF,Derrick Favors,11.74,,3.25,31.5,35.5,14.0
PF-C,Keith Gallon,13.44,,3.7,23.5,28.5,14.0
SF,Charles Garcia,11.65,,3.23,24.5,30.5,2.0
SF,Paul George,,,,,,4.0
PF,Luke Harangody,11.83,,3.41,24.0,28.5,23.0
SG,Manny Harris,,,,,,11.0
SG-SF,Lazar Hayward,10.87,,3.31,31.0,36.0,15.0
SF,Gordon Hayward,11.73,,3.22,30.5,34.5,10.0
SG,Xavier Henry,11.1,,3.18,28.5,36.5,8.0
SG-SF,Darington Hobson,11.68,,3.25,29.0,34.0,
SF,Damion James,10.89,,3.2,29.0,33.0,13.0
SF,Wesley Johnson,11.43,,3.14,32.0,37.0,16.0
PG-SG,Armon Johnson,11.25,,3.19,31.5,38.5,18.0
SG,Dominique Jones,10.88,,3.31,26.0,32.5,19.0
C,Jerome Jordan,,,,,,
SG,Sylven Landesberg,11.59,,3.36,28.0,32.0,8.0
PF,Gani Lawal,11.61,,3.24,27.0,31.5,20.0
PF-C,Greg Monroe,12.1,,3.35,25.0,29.0,15.0
C,Daniel Orton,12.32,,3.39,24.0,30.5,13.0
C,Artsiom Parakhouski,12.07,,3.33,25.5,26.5,16.0
PF,Patrick Patterson,11.14,,3.25,28.5,33.5,17.0
PF-C,Dexter Pittman,,,,,,
SG,Andy Rautins,11.27,,3.49,23.5,30.5,8.0
PF,Ryan Richards,11.33,,3.37,25.0,28.5,4.0
SF,Stanley Robinson,11.65,,3.23,,37.5,6.0
PF-C,Larry Sanders,12.49,,3.27,25.5,28.0,7.0
PG-SG,Jon Scheyer,,,,,,
SG,Lance Stephenson,11.39,,3.38,27.0,33.0,10.0
PG,Mikhail Torrance,11.43,,3.17,23.0,32.0,8.0
SG,Evan Turner,11.06,,3.27,27.5,34.5,9.0
PF,Ekpe Udoh,11.15,,3.29,31.0,33.5,10.0
PF-C,Jarvis Varnado,11.61,,3.37,29.5,32.5,3.0
PG-SG,Greivis Vasquez,,,,,,
PG,John Wall,10.84,,3.14,30.0,39.0,
SG-PG,Willie Warren,11.21,,3.5,23.0,31.5,10.0
SG-PG,Terrico White,11.38,,3.15,31.0,40.0,10.0
C-PF,Hassan Whiteside,11.83,,3.54,27.0,31.5,12.0
PF,Jeff Adrien,11.34,,3.32,27.5,31.5,16.0
PF,Jeff Ayres,11.98,,3.14,31.0,35.0,15.0
PG,Rodrigue Beaubois,10.49,,3.15,29.5,39.0,3.0
PF,DeJuan Blair,11.5,,3.45,26.0,33.0,18.0
SF-PF,Derrick Brown,11.26,,3.13,30.5,35.5,20.0
SF-SG,Chase Budinger,11.08,,3.24,29.5,38.5,10.0
PF-SF,DeMarre Carroll,,,,,,
SF,Omri Casspi,11.15,,3.28,25.5,32.5,2.0
SG,Dionte Christmas,10.83,,3.21,27.0,33.5,3.0
SF-PF,Earl Clark,11.17,,3.35,28.5,33.0,5.0
PG,Darren Collison,10.45,,3.1,30.5,33.5,9.0
PF,Dante Cunningham,11.18,,3.26,28.0,35.0,18.0
PG-SG,Stephen Curry,11.07,,3.28,29.5,35.5,10.0
SF-PF,Austin Daye,12.11,,3.55,25.0,28.0,
SG-SF,DeMar DeRozan,11.88,,3.31,29.0,38.5,5.0
PG,Toney Douglas,10.63,,3.03,28.0,32.5,15.0
SG,Wayne Ellington,11.14,,3.2,31.5,38.0,13.0
PG-SG,Tyreke Evans,11.81,,3.17,28.5,34.0,7.0
PG,Jonny Flynn,10.86,,3.23,33.0,40.0,10.0
PF,Taj Gibson,11.56,,3.41,25.5,30.0,12.0
SG-SF,Danny Green,11.3,,3.3,29.0,33.0,15.0
PF,Blake Griffin,10.95,,3.28,32.0,35.5,22.0
PF,Tyler Hansbrough,11.12,,3.27,27.5,34.0,18.0
SG,James Harden,11.1,,3.13,31.5,37.0,17.0
SG-SF,Gerald Henderson,11.17,,3.14,31.5,35.0,8.0
PF-C,Josh Heytvelt,11.67,,3.38,28.5,34.0,15.0
PF-C,Jordan Hill,12.23,,3.3,31.0,35.0,11.0
PG-SG,Jrue Holiday,10.64,,3.21,28.5,34.0,6.0
SF,Joe Ingles,10.66,,3.3,26.0,31.0,3.0
SF-PF,James Johnson,11.21,,3.23,30.5,35.0,18.0
PG,Ty Lawson,10.98,,3.12,29.0,36.5,14.0
PG,Eric Maynor,10.78,,3.19,28.5,31.5,8.0
SG-PG,Jack McClinton,10.44,,3.21,30.0,36.5,13.0
SG,Jerel McNeal,10.61,,3.25,31.5,36.5,10.0
SG,Jodie Meeks,10.96,,3.1,28.5,37.0,14.0
PG,Patty Mills,10.87,,3.1,27.5,33.0,8.0
C,Byron Mullens,11.1,,3.45,28.5,32.5,10.0
PG,A.J. Price,10.99,,3.22,26.0,31.0,11.0
SF,Tyler Smith,10.69,,3.24,29.0,33.5,10.0
SF,DaJuan Summers,10.94,,3.17,29.5,34.5,15.0
SG,Jermaine Taylor,11.54,,3.32,34.0,37.5,16.0
PG,Jeff Teague,11.05,,3.18,30.5,36.5,13.0
C,Hasheem Thabeet,,,,,,
SG,Marcus Thornton,10.73,,3.28,31.0,33.0,14.0
SG-SF,Terrence Williams,11.15,,3.18,30.5,37.0,9.0
SF-SG,Sam Young,11.47,,3.45,27.5,33.0,
SF-PF,Joe Alexander,11.33,,2.99,32.5,38.5,24.0
PF,Darrell Arthur,12.18,,3.14,28.5,30.0,12.0
PG,D.J. Augustin,11.27,,3.07,28.5,35.0,2.0
PG-SG,Jerryd Bayless,11.26,,3.07,31.0,38.0,10.0
PF-SF,Michael Beasley,11.06,,3.24,30.0,35.0,19.0
PG-SG,Ramel Bradley,10.68,,3.24,24.5,29.5,9.0
PG,Tyrone Brazelton,11.59,,3.25,30.0,34.0,8.0
PF,Takais Brown,12.47,,3.25,29.0,31.0,22.0
SF-PF,Keith Brumbaugh,11.65,,3.28,26.0,27.0,2.0
PG,Stanley Burrell,11.19,,3.19,29.5,34.5,21.0
C-PF,Brian Butch,11.87,,3.52,24.0,26.5,9.0
PG,Jamar Butler,,,,,,15.0
SF-PF,Pat Calathes,,,,,,7.0
SG,Joe Crawford,11.67,,3.22,31.0,36.0,13.0
C-PF,Chris Daniels,12.72,,3.56,26.0,28.5,11.0
PF-C,Joey Dorsey,11.84,,3.2,27.5,33.0,19.0
SF-PF,Marcus Dove,11.59,,3.26,27.5,33.5,10.0
PF,Josh Duncan,12.47,,3.26,28.0,32.0,26.0
PF,Frank Elegar,11.86,,3.17,33.5,37.5,11.0
SF-PF,Patrick Ewing Jr.,11.77,,3.43,35.0,42.0,2.0
SG,Gary Forbes,11.45,,3.25,27.5,33.5,13.0
SG,Shan Foster,12.3,,3.24,30.0,33.0,10.0
SG,J.R. Giddens,,,,,,10.0
PF,James Gist,11.37,,3.14,30.5,35.0,5.0
C,Vladimir Golubovic,12.4,,3.33,21.5,27.0,15.0
SG,Eric Gordon,10.81,,3.01,32.0,40.0,15.0
C,Kentrell Gransberry,12.16,,3.32,24.5,27.5,18.0
SF-PF,Donte Greene,11.21,,3.2,27.5,31.5,2.0
SG,Malik Hairston,11.33,,3.08,30.5,38.0,13.0
C-PF,DeVon Hardin,11.49,,3.33,29.5,32.0,20.0
PF,Richard Hendrix,10.62,,3.27,26.5,28.0,13.0
PG,George Hill,12.2,,3.07,34.0,37.5,9.0
SF-PF,Kyle Hines,12.17,,3.4,28.5,33.0,16.0
C-PF,Jiri Hubalek,12.26,,3.54,20.5,26.0,2.0
PG,Lester Hudson,11.15,,3.16,30.5,36.0,12.0
PF-SF,Othello Hunter,11.51,,3.18,28.0,34.5,7.0
PF,Darnell Jackson,11.75,,3.26,27.0,31.0,11.0
PF,Shawn James,,,,,,6.0
SF,Davon Jefferson,12.02,,3.36,27.0,32.0,2.0
PF,Joseph Jones,11.61,,3.33,25.5,31.0,16.0
C,DeAndre Jordan,12.3,,3.27,26.0,30.5,8.0
C-PF,Sasha Kaun,12.06,,3.2,29.0,32.0,13.0
SG,Marcelus Kemp,11.79,,3.39,26.0,30.0,9.0
SF,Maarty Leunen,11.57,,3.36,29.5,34.5,14.0
C,Longar Longar,,,,,,14.0
C,Brook Lopez,12.77,,3.57,27.5,30.5,7.0
PF,Kevin Love,11.17,,3.22,29.5,35.0,18.0
C,Aleks Maric,11.76,,3.35,23.0,28.0,15.0
SG-PG,O.J. Mayo,11.04,,3.14,30.5,41.0,7.0
PF,James Mays,11.23,,3.19,29.5,35.0,13.0
SF,Luc Mbah a Moute,11.71,,3.17,32.0,38.5,11.0
C-PF,JaVale McGee,12.75,,3.25,27.0,32.5,7.0
PG,Drew Neitzel,11.19,,3.2,25.5,32.0,10.0
PG-SG,DeMarcus Nelson,10.54,,3.13,34.5,38.5,19.0
C-PF,David Padgett,12.45,,3.45,24.0,28.0,17.0
PG,Jeremy Pargo,10.65,,3.07,32.0,37.0,7.0
PF,Trent Plaisted,11.32,,3.17,30.5,35.5,14.0
SF-PF,Quan Prowell,11.79,,3.14,32.0,36.0,16.0
C-PF,Shaun Pruitt,11.3,,3.4,27.0,32.5,10.0
PF-SF,Anthony Randolph,11.86,,3.26,29.0,35.0,7.0
PF,Charles Rhodes,11.51,,3.13,26.5,33.5,14.0
C,John Riek,,,,,,
PG,Brian Roberts,10.65,,3.05,31.5,36.5,10.0
PG,Russell Robinson,11.3,,3.15,25.0,31.5,8.0
SG-SF,Richard Roby,,,,,,
PG,Derrick Rose,11.69,,3.05,34.5,40.0,10.0
PG,Sean Singletary,,,,26.0,,18.0
PG,Ronald Steele,11.08,,3.26,25.0,29.5,5.0
SG-PG,Mike Taylor,10.98,,3.08,31.0,39.0,2.0
SG,Bryce Taylor,11.08,,3.19,34.5,41.0,16.0
SG-SF,Mark Tyndale,12.52,,3.14,27.0,33.5,5.0
SG,Robert Vaden,11.97,,3.4,26.0,29.5,10.0
SF,Deron Washington,11.03,,3.09,34.0,40.0,7.0
SG-SF,Sonny Weems,10.58,,2.96,29.0,36.5,12.0
PG,Russell Westbrook,10.98,,3.08,30.0,36.5,12.0
SG,Reggie Williams,11.32,,3.07,31.5,36.5,15.0
SF,Mohamed Abukar,11.78,,3.37,30.5,35.0,15.0
PF,Mario Boggan,12.18,,3.45,24.0,26.5,12.0
PF,Craig Bradshaw,11.88,,3.54,26.0,28.0,12.0
SF-SG,Corey Brewer,11.69,,3.22,30.5,36.5,11.0
PG,Aaron Brooks,10.57,,3.2,32.5,39.5,6.0
PG,Bobby Brown,11.27,,3.25,32.5,41.0,3.0
SG,Russell Carter,11.61,,3.29,33.0,38.5,25.0
PF,Coleman Collins,11.47,,,30.0,35.0,21.0
PG,Mike Conley,11.63,,3.09,35.5,40.5,13.0
SG,Daequan Cook,11.12,,3.22,30.0,34.5,4.0
C-PF,Ryvon Covile,12.52,,3.37,25.0,30.5,19.0
PG,Javaris Crittenton,11.6,,3.32,32.5,38.0,11.0
PF,Jermareo Davidson,12.63,,3.53,27.0,30.0,7.0
PF,Justin Doellman,,,,,,19.0
PG,Zabian Dowdell,11.13,,3.29,30.0,33.5,3.0
SF,Jared Dudley,11.32,,3.45,28.0,32.0,14.0
SF-PF,Kevin Durant,12.33,,3.45,26.0,33.5,
PF,Rashaun Freeman,11.43,,3.41,28.0,32.0,20.0
C,Aaron Gray,12.07,,3.7,27.0,32.5,17.0
PF,Caleb Green,11.72,,3.46,28.5,36.0,9.0
SF,Jeff Green,12.0,,3.34,33.5,38.0,17.0
PG,Taurean Green,11.3,,3.26,29.0,32.5,8.0
PF,Spencer Hawes,11.88,,3.51,26.0,29.0,9.0
PG,Brandon Heath,11.39,,3.28,32.0,36.0,11.0
C,Herbert Hill,12.31,,3.39,30.5,34.0,15.0
PF,Al Horford,12.15,,3.37,31.0,35.5,20.0
SF-SG,Quinton Hosley,12.47,,3.32,28.5,34.0,12.0
C,James Hughes,13.31,,3.37,31.0,33.0,8.0
SG,Jeremy Hunt,12.11,,3.29,30.5,33.0,10.0
PF,Ekene Ibekwe,11.0,,3.28,34.5,39.0,10.0
PG,Dominic James,10.94,,3.11,33.5,38.5,14.0
SG,Trey Johnson,11.78,,3.31,26.5,35.0,18.0
PF,Rashad Jones-Jennings,12.18,,3.29,25.0,30.0,20.0
PG,Jared Jordan,11.02,,3.39,24.5,28.5,6.0
SG-PG,Coby Karl,11.57,,3.41,32.0,34.5,9.0
PF,Antanas Kavaliauskas,11.19,,3.42,25.5,30.0,19.0
PF,Carl Landry,11.35,,3.29,31.5,36.5,21.0
PF,Stephane Lasme,11.73,,3.22,29.5,36.0,17.0
PG,Acie Law,11.0,,3.22,29.0,34.0,8.0
C,Marko Lekic,11.96,,3.43,24.0,30.5,19.0
SG,Ron Lewis,11.59,,3.22,33.0,38.0,16.0
SF,Cartier Martin,12.1,,3.43,27.0,29.5,11.0
SF,Dominic McGuire,10.95,,3.25,28.5,34.5,12.0
PF,Josh McRoberts,11.7,,3.47,27.5,31.5,12.0
SG,Sammy Mejia,11.87,,3.49,27.0,31.5,7.0
SG,Brad Newley,11.77,,3.29,29.5,31.5,3.0
SF,Demetris Nichols,10.39,,3.38,28.5,32.5,16.0
PF,Joakim Noah,11.79,,3.47,32.5,37.5,12.0
C,Greg Oden,11.67,,3.27,32.0,34.0,
PF,Ivan Radenovic,11.61,,3.6,23.0,28.0,7.0
PG,JR Reynolds,11.69,,3.24,27.5,34.5,15.0
PF,Chris Richard,11.39,,3.29,26.5,30.5,15.0
SG,Dustin Salisbery,11.07,,3.12,34.0,38.0,11.0
SG,Blake Schilb,11.63,,3.36,26.5,33.5,11.0
SG,Renaldas Seibutis,11.33,,3.39,24.0,32.5,1.0
PG,Ramon Sessions,11.65,,3.27,29.5,33.5,8.0
PG,Mustafa Shakur,11.82,,3.27,28.5,35.0,11.0
PF,Jason Smith,10.96,,3.29,33.5,37.5,15.0
SG,DJ Strawberry,10.87,,3.14,28.5,35.0,21.0
SG-PG,Rodney Stuckey,11.34,,3.11,30.5,35.0,14.0
SF,Curtis Sumpter,11.3,,3.22,27.5,32.5,12.0
SF,Yue Sun,10.68,,3.45,29.0,34.0,9.0
PG,Jamaal Tatum,11.51,,3.22,28.5,33.0,7.0
SF,Reyshawn Terry,11.76,,3.26,31.0,37.5,18.0
SF,Al Thornton,11.96,,3.16,35.0,41.0,9.0
PF,Anthony Tolliver,11.49,,3.29,28.5,30.0,21.0
C-PF,Ali Traore,12.16,,3.52,25.0,29.0,11.0
C,Kyle Visser,12.6,,3.39,26.0,29.0,18.0
C,Darryl Watkins,11.65,,3.56,26.5,31.0,14.0
C,Major Wingate,12.14,,3.47,27.5,30.5,15.0
PG,DaShaun Wood,11.4,,3.23,31.5,34.5,13.0
SF-PF,Julian Wright,11.48,,3.36,28.5,33.5,2.0
PF,Brandan Wright,11.76,,3.31,30.5,35.5,2.0
PF,Avis Wyatt,11.46,,3.23,27.5,32.0,12.0
,Jianlian Yi,,,,,,
SG-SF,Nick Young,11.0,,3.25,39.5,40.5,6.0
SF,Thaddeus Young,11.06,,3.19,34.5,37.0,13.0
PF-C,Kenny Adeleke,11.57,,3.47,28.5,30.5,26.0
SG-PG,Maurice Ager,11.73,,3.22,29.5,35.0,11.0
PF-C,LaMarcus Aldridge,12.02,,3.43,26.5,34.0,8.0
SG-SF,Morris Almond,11.45,,3.19,31.0,35.5,13.0
PF,Lou Amundson,10.58,,3.2,32.0,35.5,14.0
SG,Rashad Anderson,11.77,,3.48,27.5,32.5,13.0
C-PF,Hilton Armstrong,12.28,,3.53,28.5,31.5,13.0
PF,James Augustine,10.54,,3.25,30.0,32.5,13.0
SF-PF,Renaldo Balkman,11.58,,3.22,30.5,35.0,9.0
PF,J.P. Batista,11.62,,3.38,26.0,30.5,26.0
PG,Will Blalock,11.08,,3.18,35.0,40.0,8.0
SF,Brandon Bowman,11.41,,3.31,31.0,34.0,24.0
SG-PG,Ronnie Brewer,11.32,,3.14,35.0,41.0,19.0
SG-SF,Denham Brown,11.42,,3.25,28.0,34.5,12.0
PF,Brad Buckman,12.26,,3.54,25.5,30.5,10.0
SF,Nik Caner-Medley,10.57,,3.21,28.5,35.5,17.0
SG-SF,Rodney Carney,10.57,,3.06,32.0,38.5,10.0
PG,Keydren Clark,11.03,,3.11,31.0,34.0,13.0
PG-SG,Mardy Collins,12.0,,3.27,31.5,37.5,9.0
SG-PG,Taquan Dean,10.53,,3.2,30.5,34.5,16.0
PF-C,Terence Dials,11.54,,3.5,26.5,30.0,16.0
PG-SG,Sean Dockery,10.88,,3.34,29.0,33.0,4.0
PG,Jordan Farmar,11.07,,3.17,33.5,42.0,11.0
SG-PG,Randy Foye,10.53,,3.23,32.0,38.0,14.0
PF-C,Torin Francis,11.97,,3.51,26.5,32.0,9.0
SF-PF,Rudy Gay,11.03,,3.32,33.0,40.5,9.0
SF-SG,Nick George,11.69,,3.25,30.5,38.0,14.0
PF-SF,Taj Gray,11.02,,3.45,28.5,33.0,10.0
SF-SG,Dan Grunfeld,11.3,,3.46,28.0,33.5,16.0
PF-C,Matt Haryasz,11.34,,3.46,27.5,31.5,10.0
PF,Eric Hicks,12.06,,3.34,30.0,34.0,20.0
SF-PF,Tedric Hill,12.23,,3.24,30.0,36.5,1.0
PG-SG,Daniel Horton,10.35,,3.16,30.0,36.5,17.0
SF-SG,Bobby Jones,11.23,,3.28,28.5,34.5,15.0
PF-C,Solomon Jones,11.27,,3.3,32.0,39.0,6.0
SG-PG,Viktor Keyru,11.4,,3.24,29.0,34.5,11.0
PF,Marco Killingsworth,11.42,,3.34,28.0,32.0,13.0
SF-SG,Tarence Kinsey,10.67,,3.3,29.0,35.5,5.0
PG,Carl Krauser,11.62,,3.38,26.0,31.0,8.0
SG,Chris McCray,11.46,,3.34,30.5,39.0,1.0
PG-SG,Gerry McNamara,11.28,,3.4,27.0,32.0,3.0
PF-C,Pops Mensah-Bonsu,11.47,,3.29,31.5,36.0,19.0
PF-C,Paul Miller,12.25,,3.66,29.0,35.5,25.0
PF,Paul Millsap,11.67,,3.3,28.5,32.5,15.0
SG-SF,Dwayne Mitchell,11.45,,3.16,37.5,41.5,17.0
SF,Adam Morrison,11.46,,3.37,25.5,30.5,11.0
PF-C,Yemi Nicholson,12.57,,3.65,26.5,26.0,8.0
SF-SG,David Noel,10.54,,3.07,34.5,38.5,20.0
SF,Steve Novak,11.11,,3.37,24.5,31.0,5.0
C,Patrick O'Bryant,12.68,,3.63,26.5,30.0,13.0
PG-SG,Danilo Pinnock,11.91,,3.08,29.5,35.5,7.0
PG-SG,Chris Quinn,11.25,,3.25,32.0,37.0,7.0
SG,Allan Ray,11.01,,3.2,28.5,35.5,9.0
SG,JJ Redick,10.94,,3.29,27.5,33.0,6.0
SF-PF,Antywane Robinson,11.73,,3.4,29.0,32.5,12.0
SG-SF,Brandon Roy,11.13,,3.27,34.0,40.5,6.0
PG-SG,Blake Schilb,11.25,,3.43,28.5,34.5,13.0
C,Mouhamed Sene,12.52,,3.38,28.5,31.0,7.0
PF-C,Cedric Simmons,11.05,,3.31,30.5,35.0,15.0
PF-SF,Marcus Slaughter,11.56,,3.4,30.0,34.0,9.0
PF,Craig Smith,11.59,,3.4,30.0,29.5,
SF-PF,Steven Smith,12.08,,3.4,29.5,34.5,15.0
C,Michael Southhall,12.29,,3.51,31.5,37.0,2.0
C,Frans Steyn,11.67,,3.38,28.5,29.5,
SG,Curtis Stinson,10.95,,3.27,28.0,31.5,17.0
PF-SF,Tyrus Thomas,11.36,,3.2,34.0,39.5,8.0
SF-SG,Joah Tucker,11.58,,3.31,29.0,34.0,19.0
C-PF,Ian Vouyoukas,13.7,,3.72,23.0,28.0,8.0
PG,Darius Washington,10.71,,3.26,29.0,37.5,9.0
PG,CJ Watson,11.61,,3.15,31.5,34.0,12.0
PG,Marcus Williams,11.3,,3.4,24.5,28.0,4.0
SF-PF,Shawne Williams,10.69,,3.3,32.0,31.0,
C-PF,Justin Williams,11.9,,3.31,26.5,31.5,7.0
PF-C,Shelden Williams,11.53,,3.59,29.0,33.5,25.0
C-PF,Eric Williams,11.71,,3.56,28.5,29.0,17.0
PF-SF,Curtis Withers,11.54,,3.1,35.0,36.5,14.0
SG,Alex Acker,11.67,,3.35,28.0,32.0,11.0
C-PF,Deji Akindele,12.58,,3.35,30.5,32.5,13.0
PF-C,Mustafa Al-Sayyad,11.56,,3.42,26.5,30.5,
PF-SF,Nemanja Aleksandrov,,,,,,5.0
SG-SF,Alan Anderson,10.32,,3.27,26.5,30.5,10.0
C-PF,Martynas Andriuskevicius,11.94,,3.42,24.0,27.5,
SF,Sean Banks,11.74,,3.35,25.0,31.5,7.0
SG-SF,Eddie Basden,10.52,,3.21,33.0,36.5,14.0
SF-PF,Mike Bell,11.73,,3.29,33.5,39.5,13.0
C-PF,Andrew Bogut,12.06,,3.51,27.5,33.5,13.0
PG-SG,Dee Brown,,,,,,
PG-SG,Will Bynum,11.12,,3.0,33.0,40.5,15.0
C,Marcus Campbell,,,,,,9.0
PG,Will Conroy,10.51,,3.28,30.5,36.5,14.0
PF-SF,Taylor Coppenrath,11.51,,3.44,24.5,27.0,5.0
PG-SG,Travis Diener,10.85,,3.26,24.5,31.0,1.0
PF,Ike Diogu,11.94,,3.45,28.0,31.0,21.0
PG,Daryl Dorsey,11.41,,3.24,25.0,30.5,
SG-PG,Monta Ellis,12.13,,3.31,26.5,31.5,
PG,Raymond Felton,10.5,,3.06,29.0,33.5,6.0
SG,Rudy Fernandez,10.48,,3.33,26.5,35.5,
C-PF,D'Or Fischer,12.53,,3.5,28.0,30.5,2.0
C-PF,Eddy Fobbs,11.53,,3.28,29.5,34.0,12.0
PF,Sharrod Ford,11.92,,3.2,28.5,37.0,9.0
PF-C,Channing Frye,11.6,,3.38,27.5,31.0,19.0
PF-C,Deng Gai,12.51,,3.27,31.5,35.5,11.0
SF-SG,Francisco Garcia,10.63,,3.33,27.5,31.5,5.0
PG,John Gilchrist,11.48,,3.15,30.5,36.5,12.0
PF-C,Marcin Gortat,11.48,,3.33,29.5,36.0,18.0
SF,Joey Graham,10.62,,3.05,30.0,36.0,26.0
,Danny Granger,10.84,,3.34,31.0,34.0,10.0
SF,Gerald Green,11.2,,3.21,31.5,39.0,7.0
SF-PF,Charles Hayes,10.7,,3.34,30.0,33.0,20.0
PG-SG,Luther Head,11.12,,3.21,31.5,38.5,14.0
SG-SF,Julius Hodge,10.89,,3.18,24.5,29.0,14.0
C-PF,Jared Homan,,,,,,16.0
SF,Ersan Ilyasova,11.59,,3.56,22.0,30.0,2.0
PG,Jarrett Jack,10.87,,3.24,26.0,28.5,5.0
C-PF,Dwayne Jones,11.87,,3.25,28.0,31.5,15.0
SF-PF,Mindaugas Katelynas,11.6,,3.38,31.5,35.0,7.0
C-PF,Jason Klotz,13.13,,3.68,21.5,27.0,12.0
PG-SG,Carl Krauser,11.62,,3.38,26.0,31.0,8.0
SG-SF,Keith Langford,11.38,,3.23,32.0,29.5,8.0
PF,David Lee,10.8,,3.19,30.5,32.5,14.0
PF,David Lucas,,,,,,17.0
PG,John Lucas III,10.44,,3.14,29.0,34.0,4.0
SG-SF,Rawle Marshall,11.64,,3.21,30.5,37.0,7.0
PF,Jason Maxiell,,,,,,
PF,Sean May,11.04,,3.29,30.0,33.0,12.0
SG,Rashad McCants,10.39,,3.11,32.5,34.5,15.0
PF,Ivan McFarlin,10.64,,3.27,26.5,32.0,10.0
PF-SF,Juan Mendez,11.7,,3.24,29.0,33.0,14.0
PG,Aaron Miles,10.69,,3.22,32.0,37.5,7.0
PF,Ellis Myles,12.8,,3.42,26.0,28.5,15.0
SG,Larry O'Bannon,11.44,,3.18,31.5,36.5,17.0
SF-PF,Drago Pasalic,12.12,,3.48,25.0,30.5,11.0
PG,Chris Paul,11.09,,3.22,32.0,38.0,10.0
PF,Kevin Pittsnogle,,,,,,
SF-PF,Carlos Powell,11.54,,3.21,27.5,34.5,12.0
SF,Roger Powell,,,,,,
PG,Ronnie Price,10.49,,3.29,31.5,39.0,11.0
PG,Anthony Roberson,11.17,,3.19,31.5,37.0,14.0
SG-SF,Brandon Rush,11.33,,3.31,32.5,35.0,
C,Luke Schenscher,12.4,,3.47,23.5,26.5,1.0
PF,Wayne Simien,11.05,,3.35,27.0,27.5,11.0
SG-SF,Tre Simmons,10.8,,3.18,27.0,31.5,3.0
C-PF,David Simon,11.98,,3.44,28.0,33.0,18.0
PF,Chris Taft,11.26,,3.27,28.5,33.0,14.0
PG,Chris Thomas,10.84,,3.33,28.5,34.0,14.0
SF-SG,Omar Thomas,11.11,,3.27,25.0,29.5,6.0
SF-SG,Dijon Thompson,,,,,,
PF,Ronny Turiaf,11.5,,3.23,30.5,33.0,15.0
PF-SF,Charlie Villanueva,10.86,,3.3,26.0,31.0,11.0
PF-SF,Hakim Warrick,,,3.22,33.0,38.0,11.0
SF,Martell Webster,11.39,,3.39,28.0,30.5,7.0
PF-C,Robert Whaley,12.11,,3.25,28.5,33.5,15.0
PF-SF,Marvin Williams,11.11,,3.17,29.5,35.0,12.0
PG,Deron Williams,10.83,,3.25,30.0,35.0,15.0
SF,Jawad Williams,11.39,,3.23,28.0,34.0,15.0
SF-SG,Antoine Wright,11.45,,3.41,26.5,29.5,12.0
SG-PG,Bracey Wright,11.58,,3.27,30.0,36.0,8.0
SG,Tony Allen,10.7,,3.19,31.5,36.5,17.0
SG-SF,Trevor Ariza,11.63,,3.29,29.5,32.0,8.0
PG,Andre Barrett,10.63,,3.08,29.0,34.5,13.0
PF,Brandon Bass,11.61,,3.24,31.5,33.0,18.0
C,Andris Biedrins,,,,,,
SG,Tony Bobbitt,,,,,,1.0
SF-PF,Brian Boddicker,10.93,,3.25,28.0,30.0,16.0
PG-SG,Tim Bowers,11.24,,3.21,37.0,43.5,13.0
PF-C,Andre Brown,11.7,,3.22,32.0,35.5,18.0
PG,Antonio Burks,,,,,,9.0
C,Jackie Butler,13.32,,3.4,23.0,25.0,14.0
PG,Aleksandar Capin,11.5,,3.27,23.0,29.0,4.0
C,Ales Chan,12.9,,3.62,21.0,29.0,2.0
SG-SF,Josh Childress,11.95,,3.38,29.0,36.0,11.0
SF,TJ Cummings,11.58,,3.12,27.0,31.0,6.0
SF-PF,Erik Daniels,11.38,,3.19,31.0,32.0,4.0
SF,Luol Deng,11.46,,3.34,27.5,31.5,5.0
C-PF,Marcus Douthit,11.64,,3.34,25.5,31.5,1.0
PG,Chris Duhon,10.45,,3.14,31.5,35.0,7.0
C,John Edwards,,,,,,15.0
SG-SF,Andre Emmett,,,,,,
SG,Desmon Farmer,10.89,,3.2,24.0,31.0,12.0
PG-SG,Luis Flores,10.97,,3.1,29.0,32.0,15.0
SF-PF,Matt Freije,11.15,,3.25,29.5,31.0,13.0
C-PF,Chris Garnett,11.75,,3.36,27.0,31.5,22.0
SF-PF,Ryan Gomes,12.49,,3.24,26.5,30.5,9.0
PG-SG,Ben Gordon,11.28,,3.19,31.5,37.5,12.0
PG,Devin Harris,11.03,,3.19,30.5,37.0,5.0
PF-C,Dwight Howard,11.21,,3.14,30.5,35.5,7.0
PF,Rolando Howell,11.91,,3.28,28.5,34.5,
PF,Kris Humphries,11.33,,3.2,29.5,36.0,22.0
SG-SF,Andre Iguodala,11.17,,3.18,30.5,34.5,4.0
C-PF,Martin Iti,12.28,,3.41,26.5,32.5,13.0
SF-SG,Luke Jackson,11.1,,3.24,26.5,36.0,13.0
PF-SF,Al Jefferson,13.08,,3.29,28.5,30.0,3.0
PF-C,Arthur Johnson,11.81,,3.38,26.5,28.5,14.0
PG,Ivan Koljevic,11.07,,3.28,26.0,28.5,4.0
SF-PF,Herve Lamizana,,,,,,
PF-SF,Sergei Lishouk,,,,,,
PG-SG,Shaun Livingston,10.72,,3.23,26.5,30.0,
PF,Jaime Lloreda,12.93,,3.23,25.5,29.5,6.0
SF-SG,Bryant Matthews,11.08,,3.13,29.0,34.5,13.0
SF-PF,Marcus Melvin,11.81,,3.33,25.0,30.5,11.0
PF-SF,Rich Melzer,11.74,,3.39,24.5,28.5,8.0
PG-SG,Ricky Minard,10.94,,3.1,27.5,33.0,13.0
PF-SF,James Moore,11.01,,3.21,28.5,32.5,
PG-SG,Marcus Moore,11.31,,3.34,25.0,30.0,
SG-SF,Michel Morandais,11.45,,3.22,30.5,33.5,16.0
PG,Jameer Nelson,10.95,,3.14,28.5,33.5,15.0
SG-PG,Misan Nikagbatse,11.27,,3.32,27.5,32.5,11.0
C-PF,Emeka Okafor,12.32,,3.15,31.5,34.0,22.0
PF-SF,Randall Orr,11.18,,3.27,26.5,33.0,6.0
SF,Dylan Page,10.99,,3.4,26.0,30.0,17.0
PF,Drago Pasalic,12.97,,3.56,25.5,30.0,8.0
SG,Rickey Paulding,11.14,,3.17,30.0,36.0,17.0
SG-PG,Kelvin Pena,11.5,,3.24,27.5,32.5,1.0
PG-SG,Tim Pickett,,,,,,
PG,Omar Quintero,11.37,,3.25,25.0,29.0,2.0
C,Peter Ramos,12.61,,3.6,24.0,26.5,2.0
C-PF,Jared Reiner,12.65,,3.56,22.0,26.0,15.0
PF,Lawrence Roberts,12.52,,3.3,27.5,33.0,18.0
SG-SF,Bernard Robinson,10.91,,3.17,28.5,34.5,14.0
PG,Nate Robinson,10.75,,2.96,35.5,43.5,13.0
PF,Aerick Sanders,11.98,,3.37,24.5,30.5,9.0
SG,Romain Sato,11.27,,3.18,31.5,35.5,8.0
SF-PF,Blagota Sekulic,10.93,,3.39,23.5,31.5,8.0
SG-SF,Josh Smith,11.43,,3.24,32.5,39.5,12.0
SG-SF,J.R. Smith,10.93,,3.21,29.0,35.5,5.0
SG-SF,Kirk Snyder,10.79,,3.13,30.0,35.0,19.0
PF-C,Pape Sow,12.13,,3.27,28.0,31.5,18.0
C-PF,Tiago Splitter,11.65,,3.38,26.0,31.5,8.0
PG,Blake Stepp,,,,,,
PF-C,Tom Timmerrmans,13.13,,3.63,23.0,26.5,15.0
SG-PG,Marko Tomas,11.8,,3.23,32.0,31.5,
PG,Beno Udrih,,,,,,2.0
PF-C,Jackson Vroman,10.75,,3.25,29.5,33.5,12.0
PG-SG,Delonte West,11.2,,3.15,30.0,35.0,12.0
SG-SF,Damien Wilkins,11.92,,3.15,26.5,31.0,15.0
SF,Mike Williams,11.59,,3.42,23.5,27.5,
PF-SF,Nate Williams,12.6,,3.35,23.5,26.0,1.0
PG,Rashad Wright,11.15,,3.28,28.5,32.5,10.0
PF,Aloysius Anagonye,12.93,,3.3,31.0,34.5,6.0
SF-PF,Rick Anderson,11.23,,3.4,26.0,30.5,6.0
SF,Carmelo Anthony,11.4,,3.15,30.5,33.5,7.0
SF-PF,Jerome Beasley,11.36,,3.25,27.0,32.0,10.0
PG,Troy Bell,10.89,,3.06,34.5,41.0,17.0
SF,LaVell Blanchard,11.64,,3.38,33.5,36.5,12.0
SG,Keith Bogans,11.43,,3.25,29.5,35.0,10.0
PF-SF,Matt Bonner,11.52,,3.32,27.0,32.0,20.0
PF,Chris Bosh,11.8,,3.3,30.5,33.0,9.0
PG-SG,Jermaine Boyette,11.2,,3.07,29.0,35.5,14.0
PF-SF,Souleymane Camara,11.51,,3.2,28.5,34.5,2.0
SG-SF,Matt Carroll,11.11,,3.35,29.0,33.5,13.0
PF,Nick Collison,11.62,,3.28,28.0,33.0,8.0
PF-SF,Brian Cook,11.87,,3.45,25.0,29.0,6.0
PF-SF,Joel Cornette,11.27,,3.14,26.0,32.5,13.0
SG-PG,Marquis Daniels,11.62,,3.25,30.5,35.0,6.0
C-PF,Aleksander Djuric,11.97,,3.65,23.5,27.5,3.0
SG,Ruben Douglas,11.95,,3.27,28.5,35.0,9.0
SF-SG,Ronald Dupree,11.09,,3.23,37.5,41.5,11.0
SG-PG,Carl English,11.77,,3.32,28.0,34.0,11.0
SG,Ebi Ere,11.38,,3.16,29.5,33.5,
PF-C,Marquis Estill,12.92,,3.31,30.0,36.0,7.0
PG,T.J. Ford,11.45,,3.2,32.5,39.5,
PG,Jason Gardner,10.62,,3.17,30.5,35.0,10.0
SG-PG,Willie Green,11.86,,3.19,28.5,28.5,13.0
PG-SG,Justin Hamilton,11.18,,3.18,30.0,37.5,17.0
SG,Travis Hansen,10.72,,3.18,31.5,35.0,16.0
C-PF,Trevor Harvey,11.85,,3.32,29.5,32.0,11.0
PG,Marcus Hatten,11.5,,3.15,29.5,37.5,7.0
PG-SG,Kirk Hinrich,10.98,,3.1,29.0,33.5,10.0
PF,Jerry Holman,11.54,,3.24,33.0,37.5,11.0
PF,Sam Hoskin,,,,,,24.0
SF-SG,Josh Howard,10.89,,3.09,33.0,36.5,4.0
PF,Brandon Hunter,11.13,,3.21,32.5,35.0,25.0
C-PF,Sani Ibrahim,13.02,,3.4,26.0,30.5,12.0
PF-SF,Michael Ignerski,11.21,,3.13,26.5,33.0,10.0
PF-C,Robert Jackson,11.26,,3.25,23.5,26.0,15.0
SF-SG,LeBron James,,,,,,
SF-PF,Britton Johnsen,10.67,,3.08,26.5,32.5,13.0
SF,James Jones,11.18,,3.19,30.5,33.0,9.0
SG-SF,Dahntay Jones,10.91,,3.11,30.0,39.5,
C-PF,Chris Kaman,11.33,,3.37,23.5,30.5,15.0
SG-SF,Jason Kapono,11.04,,3.38,23.5,30.0,8.0
C-PF,Jason Keep,11.18,,3.3,29.5,34.0,27.0
SG-PG,Bernard King,11.37,,3.18,28.0,33.5,11.0
PG,Brandin Knight,,,,,,6.0
SF,Kyle Korver,11.42,,3.47,25.5,31.5,13.0
C-PF,James Lang,14.01,,3.55,24.5,32.0,8.0
PF-C,Donald Little,11.18,,3.2,33.0,37.0,18.0
C,Chris Marcus,,,,,,12.0
PF-C,Chris Massie,12.48,,3.22,26.5,33.0,13.0
C-PF,Will McDonald,11.83,,3.42,25.0,32.5,17.0
PF,Darko Milicic,11.3,,3.36,26.5,32.5,13.0
PF,Jeff Newton,11.18,,3.23,27.5,34.0,9.0
PF-C,Uche Nsonwu-Amadi,11.83,,3.25,27.5,29.0,21.0
SF,Ugonna Okyekwe,11.43,,3.2,32.0,36.5,8.0
PG,Marlon Parmer,,,3.42,28.0,32.0,13.0
PF-SF,Stephane Pelle,11.37,,3.27,28.5,33.0,17.0
SG-SF,Kirk Penney,10.44,,3.04,32.0,35.5,15.0
C,Pavel Podkolzin,13.4,,3.8,19.5,22.5,5.0
PF-SF,Josh Powell,11.72,,3.2,32.5,38.5,15.0
PG-SG,Hollis Price,10.72,,3.25,27.5,33.0,1.0
PG,Luke Ridnour,11.0,,3.28,26.0,32.5,
SG,Joe Shipp,11.75,,3.2,29.0,34.5,17.0
SF-PF,Ron Slay,12.01,,3.43,28.5,31.5,10.0
PF-SF,Theron Smith,10.99,,3.1,28.5,32.0,25.0
PF-SF,Tommy Smith,11.54,,3.14,30.0,33.0,2.0
C-PF,Marvin Stone,12.1,,3.5,25.5,27.5,9.0
PF,Michael Sweetney,12.9,,3.28,26.0,31.5,3.0
PG-SG,Sasha Vujacic,,,,,,
SG-SF,Dwyane Wade,10.56,,3.08,31.5,35.0,9.0
PF,Wayne Wallace,11.85,,3.24,29.5,36.0,6.0
SF-PF,Luke Walton,,,,28.0,,12.0
PF-SF,David West,12.18,,3.43,28.5,31.5,11.0
PG-SG,Mo Williams,,,,,,3.0
C-PF,Wesley Wilson,12.19,,3.3,27.0,30.5,20.0
SF-PF,Doug Wrenn,11.38,,3.17,34.5,41.0,15.0
PG,Derrick Zimmerman,11.09,,3.1,34.0,40.5,13.0
PF,Nene,10.73,,3.19,30.0,34.0,16.0
PF-C,Robert Archibald,11.34,,3.33,24.0,27.5,10.0
PG,Maurice Baker,12.19,,3.29,29.5,33.0,2.0
SF,Matt Barnes,10.68,,3.28,35.5,40.5,11.0
SF-SG,Lubos Barton,11.2,,3.31,25.5,31.5,14.0
PF-C,Lonny Baxter,11.77,,3.21,28.0,32.5,14.0
SF-PF,Lee Benson,11.44,,3.29,27.5,32.5,14.0
PF,Carlos Boozer,10.77,,3.31,26.5,28.5,13.0
C,Curtis Borchardt,12.56,,3.63,24.0,27.0,7.0
SG-PG,J.R. Bremer,10.93,,3.1,30.0,35.5,24.0
PG-SG,Brian Brown,11.43,,3.29,26.0,33.0,8.0
PF,Sylvere Bryan,12.03,,3.2,28.5,29.5,13.0
C,Chris Burgess,11.58,,3.37,24.5,31.0,24.0
SF-SG,Caron Butler,12.15,,3.33,27.0,31.0,2.0
SF,Rasual Butler,11.54,,3.29,31.5,37.5,10.0
PG-SG,Mire Chatman,11.12,,3.18,29.0,33.0,1.0
C,Chris Christoffersen,12.55,,3.39,28.0,31.0,13.0
SG-SF,Lenny Cooke,,,,,,
SG-SF,Craig Dawson,12.06,,3.25,26.0,30.0,
SF,Mike Dunleavy,11.55,,3.3,24.5,29.0,11.0
PG,Teddy Dupay,10.53,,3.19,28.0,33.0,16.0
PF,Corsley Edwards,12.18,,3.31,28.5,33.0,12.0
PF,Andy Ellis,11.69,,3.34,32.0,35.5,6.0
PF,Melvin Ely,11.96,,3.35,26.0,29.0,7.0
PF,Reggie Evans,12.73,,3.26,26.0,29.5,15.0
PF-C,Peter Fehse,,,,,,
PF,Drew Gooden,11.81,,3.19,29.0,33.0,13.0
SG,David Graves,11.2,,3.27,26.0,29.5,8.0
PG,Lynn Greer,11.24,,3.16,29.5,36.5,12.0
SF-SG,Rod Grizzard,,,,,,6.0
PG-SG,Anthony Grundy,11.1,,3.39,27.5,32.0,
PF,Marcus Haislip,11.35,,3.21,33.5,36.5,8.0
SG-PG,Damon Hancock,11.62,,3.03,32.0,35.0,15.0
PG,Greg Harrington,12.06,,3.32,28.5,34.0,15.0
PF,Udonis Haslem,11.8,,3.31,28.5,33.5,22.0
PG,Cordell Henry,11.3,,3.04,33.0,37.5,1.0
SF-PF,Randy Holcomb,12.85,,3.22,29.5,35.5,15.0
PF-SF,Ryan Humphrey,11.75,,3.2,31.5,37.5,13.0
PF,Jared Jeffries,11.73,,3.4,26.0,30.0,9.0
C,Jason Jennings,11.92,,3.62,29.0,32.0,8.0
SG,Fred Jones,11.12,,3.13,33.5,37.5,
C-PF,Lonnie Jones,11.8,,3.33,30.5,31.5,15.0
C,Mario Kasun,,,,,,12.0
PG,Sean Kennedy,11.64,,3.28,22.5,26.5,
C-PF,Kris Lang,11.36,,3.24,28.0,29.0,19.0
C-PF,Muhammed Lasege,12.96,,3.29,27.5,30.0,18.0
PG,Steve Logan,,,,,,11.0
C-PF,Kevin Lyde,12.97,,3.36,27.5,30.5,13.0
PG,Tito Maddox,12.2,,3.24,27.0,32.5,
SF,Kei Madison,11.74,,3.22,27.5,34.5,6.0
PF,Chris Massie,,,,,,
SG,Immanuel McElroy,,,,,,9.0
PF-SF,Aaron McGhee,12.24,,,26.0,28.5,
SF-SG,Elvin Mims,11.17,,3.22,32.0,38.0,7.0
SG-SF,Byron Mouton,11.84,,3.1,24.0,30.0,7.0
SG,Ronald Murray,11.13,,3.16,31.0,36.5,9.0
PF-C,Uche Okafor,14.45,,3.34,24.5,25.0,10.0
PF-SF,Chris Owens,,,,,,10.0
PG,Jannero Pargo,11.11,,3.2,25.5,29.5,5.0
PG-SG,Smush Parker,12.3,,3.26,21.0,28.5,1.0
SG-SF,Luke Recker,10.78,,3.27,25.5,31.0,13.0
PF,Rolan Roberts,11.36,,3.33,32.5,37.5,16.0
SF,Travis Robinson,11.96,,3.43,26.0,33.0,3.0
SG-SF,Kareem Rush,11.86,,3.22,26.0,30.0,15.0
PF-C,Brooks Sales,11.05,,3.29,26.0,29.5,13.0
SF-SG,John Salmons,11.35,,3.25,30.5,34.5,12.0
SG,Predrag Savovic,10.94,,3.38,22.5,28.5,13.0
PF-SF,Julian Sensley,11.85,,3.32,27.5,31.5,8.0
PF-C,Israel Sheinfeld,,,,,,8.0
SF,Preston Shumpert,11.03,,3.24,28.5,29.0,9.0
SF,Tamar Slay,10.94,,3.09,32.5,38.0,11.0
PF,Darius Songaila,11.69,,3.52,24.5,29.5,8.0
PF,Amar'e Stoudemire,11.19,,3.25,32.0,35.5,12.0
PG,Marcus Taylor,11.25,,3.31,27.5,33.5,4.0
SG,Jobey Thomas,11.46,,3.3,26.0,32.0,13.0
PG-SG,Dajuan Wagner,12.03,,3.22,28.0,35.0,16.0
PF-C,Chris Wilcox,11.43,,3.16,31.0,34.5,20.0
PG,Frank Williams,11.73,,3.29,26.0,31.0,
PF-SF,George Williams,11.21,,3.24,33.5,39.0,11.0
PG,Jay Williams,10.34,,3.09,28.5,36.0,10.0
SF-SG,Qyntel Woods,11.94,,3.23,33.5,34.5,2.0
SF,Vincent Yarbrough,11.7,,3.32,30.0,34.0,10.0
C,Adam Allenspach,11.9,,3.4,28.5,31.0,16.0
SG,Gilbert Arenas,,,3.25,31.5,36.0,12.0
SG,Brandon Armstrong,10.91,,3.2,30.0,37.0,6.0
SF-PF,Shane Battier,10.95,,3.3,29.5,33.0,12.0
SG-PG,Cookie Belcher,11.26,,2.91,35.0,41.5,7.0
PG,Charlie Bell,10.59,,3.12,31.5,38.0,15.0
C,Ruben Boumtje-Boumtje,11.84,,3.33,26.5,31.0,6.0
PF,Calvin Bowman,11.96,,3.21,28.5,34.5,7.0
PF,Michael Bradley,11.11,,3.35,27.0,30.0,13.0
PG,Jamison Brewer,9.65,,3.15,26.0,32.5,12.0
PF-C,Kwame Brown,11.59,,3.45,30.0,33.0,17.0
PG,SirValiant Brown,11.23,,3.0,31.0,39.5,10.0
SF,Damone Brown,11.81,,3.27,32.0,37.0,6.0
SF-SG,Ryan Carroll,11.0,,3.1,34.5,39.0,14.0
SF-PF,Tyson Chandler,12.13,,3.36,31.0,33.5,2.0
C,Eric Chenowith,12.5,,3.59,23.5,27.5,6.0
PF,Sam Clancy,11.47,,3.13,31.0,34.0,15.0
PF,Gyasi Cline-Heard,11.4,,3.23,31.5,34.5,11.0
PF-C,Jason Collins,12.1,,3.54,25.5,28.5,8.0
C-PF,Jarron Collins,11.65,,3.6,23.0,29.0,10.0
PG,Omar Cook,10.77,,3.2,31.0,35.5,9.0
C,Eddy Curry,12.25,,3.53,28.0,31.0,16.0
SF,Tate Decker,12.19,,3.47,25.5,28.5,13.0
C,DeSagana Diop,12.37,,3.56,21.5,25.5,15.0
C,Robb Dryden,12.47,,3.46,27.0,30.0,8.0
PF,Anthony Evans,12.56,,3.31,31.5,33.0,18.0
SG,Maurice Evans,10.08,,3.12,34.5,37.5,22.0
C-PF,Benjamin Eze,13.05,,3.36,29.0,32.0,14.0
C-PF,Kimani Ffriend,11.46,,3.09,32.0,33.0,9.0
PF,Alton Ford,11.7,,3.16,34.5,36.5,21.0
SG,Joseph Forte,11.51,,3.19,26.5,33.0,10.0
PG,Jason Gardner,10.88,,2.92,34.5,40.0,9.0
PG-SG,Jerry Green,11.7,,3.17,28.5,35.0,13.0
SF,Kenny Gregory,11.33,,3.1,39.5,45.5,10.0
PF-SF,Eddie Griffin,11.77,,3.21,26.5,33.0,3.0
SG-SF,Trenton Hassell,11.57,,3.29,35.5,37.5,12.0
PF-SF,Kirk Haston,12.25,,3.35,27.0,31.5,11.0
C,Charles Hathaway,,,,,,
C,Brendan Haywood,12.87,,3.5,27.0,28.5,17.0
SG,Michael Hicks,11.38,,3.19,33.0,40.5,13.0
C-PF,Steven Hunter,11.99,,3.15,30.5,38.5,11.0
PF,Andre Hutson,11.25,,3.3,29.0,32.5,17.0
SF,Nate James,11.42,,3.31,26.0,31.0,23.0
SF,Richard Jefferson,11.19,,3.15,33.0,38.5,14.0
PG,Horace Jenkins,10.97,,3.1,34.5,41.0,2.0
C,Darrell Johns,12.41,,3.59,23.5,30.0,18.0
C,Ken Johnson,11.27,,3.12,32.5,35.0,13.0
SF-SG,Joe Johnson,12.05,,3.4,32.5,36.5,12.0
SG-PG,Darren Kelly,11.38,,3.21,30.5,34.5,1.0
SF,Sean Lampley,11.06,,3.12,36.0,40.0,12.0
PG-SG,Zach Marbury,11.53,,3.1,33.0,36.5,
C-PF,Mike Mardesich,11.65,,3.45,24.0,30.0,8.0
SG,DeMarcus Minor,10.57,,3.15,29.0,41.0,9.0
SF,Jamario Moon,11.64,,3.08,33.0,43.0,
PF,Troy Murphy,11.22,,3.43,28.5,34.5,11.0
PF-SF,Troy Ostler,13.42,,3.5,26.5,29.5,2.0
C-PF,Lazaros Papadopoulos,12.0,,3.7,23.0,26.0,4.0
PG,Rashad Phillips,11.93,,3.27,27.0,32.0,5.0
PG,Demetrius Porter,11.5,,3.34,26.0,31.0,5.0
PF-SF,Martin Rancik,10.77,,3.19,32.0,37.0,14.0
SF-SG,Jason Richardson,11.75,,3.12,32.5,39.5,15.0
SG,Norman Richardson,10.97,,3.15,30.5,35.5,2.0
PG-SG,Jeryl Sasser,11.47,,3.22,29.0,34.0,1.0
PG,Kenny Satterfield,12.05,,3.2,28.5,33.0,3.0
PF-SF,Brian Scalabrine,11.75,,3.47,27.0,30.5,14.0
PF-SF,Lee Scruggs,13.28,,3.55,23.5,29.5,
SF,Bobby Simmons,11.69,,3.41,27.5,34.0,12.0
PG-SG,Will Solomon,11.3,,3.22,28.5,35.0,4.0
SF,Greg Stevenson,11.29,,3.23,30.0,35.5,15.0
PF,Damone Thornton,11.17,,3.2,33.5,37.5,19.0
PG,Jamaal Tinsley,11.96,,3.2,28.0,37.5,1.0
SF,Tory Walker,11.95,,3.25,28.0,33.0,7.0
C,Souleymane Wane,12.02,,3.46,29.0,30.5,9.0
PG,Earl Watson,10.97,,3.19,32.5,37.5,4.0
SF,Rodney White,12.07,,3.47,27.5,33.0,16.0
C-PF,Loren Woods,11.83,,3.48,24.5,28.0,10.0
PF,Michael Wright,11.37,,3.21,27.5,33.5,18.0
PF-SF,Brent Wright,12.25,,3.3,23.0,29.0,19.0